Day,Flowrate,Riverheight,,,,,
1,30.9,3.339,,,,,
1.010416667,31.5,3.351,,,,,
1.020833333,31.6,3.342,,,,,
1.03125,31,3.346,,,,,
1.041666667,31.2,3.346,,,,,
1.052083333,31.9,3.356,,,,,
1.0625,31.8,3.347,,,,,
1.072916667,31.4,3.352,,,,,
1.083333333,31.9,3.35,,,,,
1.09375,32.1,3.351,,,,,
1.104166667,32.7,3.349,,,,,
1.114583333,32.1,3.362,,,,,
1.125,32.1,3.357,,,,,
1.135416667,32.7,3.364,,,,,
1.145833333,32.7,3.364,,,,,
1.15625,32.6,3.356,,,,,
1.166666667,32.3,3.361,,,,,
1.177083333,32.6,3.361,,,,,
1.1875,33.4,3.365,,,,,
1.197916667,33.3,3.361,,,,,
1.208333333,33.4,3.372,,,,,
1.21875,33.7,3.368,,,,,
1.229166667,34,3.372,,,,,
1.239583333,34.1,3.364,,,,,
1.25,33.9,3.368,,,,,
1.260416667,34.9,3.372,,,,,
1.270833333,34.5,3.371,,,,,
1.28125,34.9,3.377,,,,,
1.291666666,35.1,3.379,,,,,
1.302083333,34.8,3.378,,,,,
1.3125,35,3.379,,,,,
1.322916666,35.4,3.388,,,,,
1.333333333,34.6,3.378,,,,,
1.34375,35,3.38,,,,,
1.354166666,35.6,3.386,,,,,
1.364583333,35.4,3.385,,,,,
1.375,35.7,3.386,,,,,
1.385416666,35.6,3.385,,,,,
1.395833333,36,3.386,,,,,
1.40625,36,3.388,,,,,
1.416666666,36.3,3.392,,,,,
1.427083333,36.4,3.394,,,,,
1.4375,36.3,3.393,,,,,
1.447916666,36.7,3.394,,,,,
1.458333333,36.5,3.391,,,,,
1.46875,36.6,3.394,,,,,
1.479166666,37.3,3.397,,,,,
1.489583333,37,3.398,,,,,
1.5,36.7,3.398,,,,,
1.510416666,37.8,3.397,,,,,
1.520833333,37.3,3.402,,,,,
1.53125,39,3.405,,,,,
1.541666666,39.9,3.412,,,,,
1.552083333,41.8,3.429,,,,,
1.5625,43.3,3.442,,,,,
1.572916666,43.4,3.445,,,,,
1.583333333,43.3,3.439,,,,,
1.59375,40.8,3.428,,,,,
1.604166666,40.5,3.427,,,,,
1.614583333,42.9,3.394,,,,,
1.625,44.6,3.374,,,,,
1.635416666,41.5,3.363,,,,,
1.645833333,42,3.352,,,,,
1.65625,41.5,3.346,,,,,
1.666666666,43.5,3.353,,,,,
1.677083333,43.3,3.352,,,,,
1.6875,41.2,3.349,,,,,
1.697916666,42.1,3.357,,,,,
1.708333333,41.2,3.331,,,,,
1.71875,38.9,3.34,,,,,
1.729166666,43.9,3.37,,,,,
1.739583333,46.9,3.37,,,,,
1.75,42.1,3.359,,,,,
1.760416666,41,3.353,,,,,
1.770833333,41.5,3.351,,,,,
1.78125,45.1,3.365,,,,,
1.791666666,45.7,3.376,,,,,
1.802083333,46,3.38,,,,,
1.8125,44.1,3.375,,,,,
1.822916667,44.1,3.37,,,,,
1.833333333,44.1,3.369,,,,,
1.84375,44.1,3.373,,,,,
1.854166667,46.5,3.381,,,,,
1.864583333,46.5,3.386,,,,,
1.875,46.7,3.389,,,,,
1.885416667,46.9,3.39,,,,,
1.895833333,46.5,3.391,,,,,
1.90625,46.8,3.393,,,,,
1.916666667,46.9,3.394,,,,,
1.927083333,46.9,3.395,,,,,
1.9375,47.1,3.396,,,,,
1.947916667,47.4,3.396,,,,,
1.958333333,47.7,3.398,,,,,
1.96875,47.8,3.399,,,,,
1.979166667,48.1,3.402,,,,,
1.989583333,48.8,3.405,,,,,
2,49.1,3.41,,,,,
2.010416667,49.8,3.412,,,,,
2.020833333,50,3.416,,,,,
2.03125,50.3,3.418,,,,,
2.041666667,50.3,3.419,,,,,
2.052083333,50.8,3.421,,,,,
2.0625,50.7,3.423,,,,,
2.072916667,51,3.423,,,,,
2.083333333,50.7,3.425,,,,,
2.09375,51.1,3.428,,,,,
2.104166667,51.7,3.43,,,,,
2.114583333,51.7,3.432,,,,,
2.125,52,3.433,,,,,
2.135416667,51.8,3.434,,,,,
2.145833333,52,3.434,,,,,
2.15625,51.9,3.437,,,,,
2.166666667,52.6,3.441,,,,,
2.177083333,53.2,3.444,,,,,
2.1875,53.2,3.446,,,,,
2.197916667,53.7,3.446,,,,,
2.208333333,53.1,3.448,,,,,
2.21875,53.2,3.448,,,,,
2.229166667,53.3,3.449,,,,,
2.239583333,53.7,3.45,,,,,
2.25,58.5,3.483,,,,,
2.260416667,77.7,3.505,,,,,
2.270833333,77.1,3.523,,,,,
2.28125,74.3,3.507,,,,,
2.291666666,69.9,3.485,,,,,
2.302083333,67.5,3.471,,,,,
2.3125,67.3,3.46,,,,,
2.322916666,66.8,3.457,,,,,
2.333333333,66.9,3.454,,,,,
2.34375,66.2,3.45,,,,,
2.354166666,64.7,3.438,,,,,
2.364583333,61.5,3.422,,,,,
2.375,61.2,3.414,,,,,
2.385416666,62.3,3.415,,,,,
2.395833333,63,3.419,,,,,
2.40625,62.5,3.418,,,,,
2.416666666,62.1,3.415,,,,,
2.427083333,61.6,3.411,,,,,
2.4375,60.2,3.41,,,,,
2.447916666,57.9,3.389,,,,,
2.458333333,59,3.388,,,,,
2.46875,64,3.407,,,,,
2.479166666,62.7,3.414,,,,,
2.489583333,60.4,3.402,,,,,
2.5,60.4,3.406,,,,,
2.510416666,63.6,3.424,,,,,
2.520833333,68.3,3.458,,,,,
2.53125,79.6,3.523,,,,,
2.541666666,82.6,3.547,,,,,
2.552083333,79.6,3.548,,,,,
2.5625,79.4,3.548,,,,,
2.572916666,82.3,3.573,,,,,
2.583333333,83.2,3.563,,,,,
2.59375,80.6,3.558,,,,,
2.604166666,87.9,3.551,,,,,
2.614583333,91.9,3.524,,,,,
2.625,87,3.505,,,,,
2.635416666,86.4,3.485,,,,,
2.645833333,89,3.462,,,,,
2.65625,91.2,3.468,,,,,
2.666666666,95.1,3.488,,,,,
2.677083333,95.5,3.498,,,,,
2.6875,96,3.5,,,,,
2.697916666,94.6,3.495,,,,,
2.708333333,93.6,3.484,,,,,
2.71875,92.2,3.479,,,,,
2.729166666,90.5,3.467,,,,,
2.739583333,90.4,3.462,,,,,
2.75,89.3,3.451,,,,,
2.760416666,88.1,3.444,,,,,
2.770833333,87.5,3.439,,,,,
2.78125,87.2,3.433,,,,,
2.791666667,85.3,3.424,,,,,
2.802083333,85,3.414,,,,,
2.8125,83.9,3.408,,,,,
2.822916667,83.4,3.403,,,,,
2.833333333,82.8,3.394,,,,,
2.84375,81.9,3.389,,,,,
2.854166667,81.2,3.387,,,,,
2.864583333,81.3,3.383,,,,,
2.875,80.6,3.373,,,,,
2.885416667,79,3.367,,,,,
2.895833333,79.3,3.361,,,,,
2.90625,78.9,3.359,,,,,
2.916666667,78.5,3.355,,,,,
2.927083333,78.3,3.351,,,,,
2.9375,77.8,3.351,,,,,
2.947916667,77.8,3.349,,,,,
2.958333333,77.9,3.347,,,,,
2.96875,77.1,3.341,,,,,
2.979166667,76.7,3.339,,,,,
2.989583333,76.4,3.335,,,,,
3,76.3,3.333,,,,,
3.010416667,76,3.329,,,,,
3.020833333,76.2,3.328,,,,,
3.03125,75.7,3.328,,,,,
3.041666667,75.4,3.326,,,,,
3.052083333,75.4,3.326,,,,,
3.0625,75.3,3.323,,,,,
3.072916666,75.1,3.322,,,,,
3.083333333,74.7,3.322,,,,,
3.09375,74.6,3.319,,,,,
3.104166666,74.4,3.319,,,,,
3.114583333,74.5,3.316,,,,,
3.125,74.6,3.318,,,,,
3.135416666,74.7,3.317,,,,,
3.145833333,74.9,3.318,,,,,
3.15625,74.9,3.316,,,,,
3.166666666,74.6,3.316,,,,,
3.177083333,75.3,3.316,,,,,
3.1875,74.9,3.32,,,,,
3.197916666,75.4,3.322,,,,,
3.208333333,75.3,3.321,,,,,
3.21875,75.8,3.324,,,,,
3.229166666,76.7,3.332,,,,,
3.239583333,77,3.337,,,,,
3.25,77.2,3.338,,,,,
3.260416666,77.2,3.34,,,,,
3.270833333,77.2,3.343,,,,,
3.28125,77.3,3.343,,,,,
3.291666666,77.5,3.346,,,,,
3.302083333,77.8,3.349,,,,,
3.3125,78.3,3.349,,,,,
3.322916666,78.1,3.35,,,,,
3.333333333,78.5,3.355,,,,,
3.34375,79.2,3.362,,,,,
3.354166666,79.7,3.364,,,,,
3.364583333,79.8,3.367,,,,,
3.375,80,3.37,,,,,
3.385416666,80.1,3.368,,,,,
3.395833333,79.6,3.369,,,,,
3.40625,79.9,3.368,,,,,
3.416666666,79.8,3.37,,,,,
3.427083333,80,3.369,,,,,
3.4375,79.6,3.367,,,,,
3.447916666,79.4,3.374,,,,,
3.458333333,79.6,3.367,,,,,
3.46875,79.6,3.372,,,,,
3.479166666,79.1,3.371,,,,,
3.489583333,79.5,3.369,,,,,
3.5,79,3.366,,,,,
3.510416666,78.3,3.362,,,,,
3.520833333,78.8,3.362,,,,,
3.53125,78.6,3.358,,,,,
3.541666666,78.2,3.359,,,,,
3.552083333,78.3,3.359,,,,,
3.5625,80.6,3.372,,,,,
3.572916667,76.7,3.351,,,,,
3.583333333,75.2,3.339,,,,,
3.59375,76.3,3.339,,,,,
3.604166667,78.3,3.344,,,,,
3.614583333,77.3,3.346,,,,,
3.625,76.9,3.346,,,,,
3.635416667,76.6,3.346,,,,,
3.645833333,76.2,3.339,,,,,
3.65625,75.6,3.331,,,,,
3.666666667,75.4,3.329,,,,,
3.677083333,75.3,3.333,,,,,
3.6875,75.1,3.328,,,,,
3.697916667,75.7,3.33,,,,,
3.708333333,72.6,3.295,,,,,
3.71875,73.7,3.313,,,,,
3.729166667,76.1,3.324,,,,,
3.739583333,76.1,3.331,,,,,
3.75,76,3.328,,,,,
3.760416667,75.1,3.322,,,,,
3.770833333,73.9,3.323,,,,,
3.78125,74.2,3.324,,,,,
3.791666667,74.1,3.316,,,,,
3.802083333,74.3,3.317,,,,,
3.8125,74.2,3.318,,,,,
3.822916667,74.1,3.32,,,,,
3.833333333,74.2,3.322,,,,,
3.84375,73.7,3.316,,,,,
3.854166667,74.3,3.322,,,,,
3.864583333,74.6,3.319,,,,,
3.875,76,3.323,,,,,
3.885416667,75.3,3.329,,,,,
3.895833333,75.4,3.336,,,,,
3.90625,75.5,3.333,,,,,
3.916666667,75.3,3.331,,,,,
3.927083333,75.3,3.336,,,,,
3.9375,75.8,3.333,,,,,
3.947916667,75.3,3.329,,,,,
3.958333333,75.4,3.329,,,,,
3.96875,75.7,3.333,,,,,
3.979166667,75.5,3.331,,,,,
3.989583333,75.2,3.33,,,,,
4,75.2,3.33,,,,,
4.010416667,75.2,3.334,,,,,
4.020833333,75.7,3.333,,,,,
4.03125,75.3,3.333,,,,,
4.041666667,76.3,3.332,,,,,
4.052083333,76.3,3.335,,,,,
4.0625,76.4,3.334,,,,,
4.072916667,75.7,3.34,,,,,
4.083333333,76.6,3.339,,,,,
4.09375,77,3.34,,,,,
4.104166667,77.5,3.344,,,,,
4.114583333,77.4,3.344,,,,,
4.125,77,3.347,,,,,
4.135416667,76.8,3.346,,,,,
4.145833333,76.6,3.346,,,,,
4.15625,76.5,3.347,,,,,
4.166666667,77.8,3.352,,,,,
4.177083333,78.5,3.356,,,,,
4.1875,78.3,3.358,,,,,
4.197916667,78.2,3.362,,,,,
4.208333333,77.9,3.363,,,,,
4.21875,78.2,3.362,,,,,
4.229166667,79,3.363,,,,,
4.239583333,79.7,3.368,,,,,
4.25,79.6,3.367,,,,,
4.260416667,79.5,3.373,,,,,
4.270833333,80,3.374,,,,,
4.28125,80.1,3.373,,,,,
4.291666666,79.5,3.374,,,,,
4.302083333,79.5,3.372,,,,,
4.3125,80.9,3.378,,,,,
4.322916666,81.1,3.382,,,,,
4.333333333,80.8,3.386,,,,,
4.34375,80.9,3.386,,,,,
4.354166666,81.5,3.388,,,,,
4.364583333,81.5,3.39,,,,,
4.375,81.6,3.388,,,,,
4.385416666,81.7,3.388,,,,,
4.395833333,81.9,3.39,,,,,
4.40625,81.6,3.389,,,,,
4.416666666,81.4,3.39,,,,,
4.427083333,81.5,3.392,,,,,
4.4375,81.7,3.389,,,,,
4.447916666,81.7,3.389,,,,,
4.458333333,81.2,3.391,,,,,
4.46875,81.4,3.387,,,,,
4.479166666,83,3.398,,,,,
4.489583333,83.3,3.399,,,,,
4.5,83.6,3.404,,,,,
4.510416666,83.4,3.391,,,,,
4.520833333,79.9,3.395,,,,,
4.53125,87.4,3.421,,,,,
4.541666666,92.2,3.42,,,,,
4.552083333,93.5,3.409,,,,,
4.5625,93.6,3.399,,,,,
4.572916667,92.9,3.393,,,,,
4.583333333,92.4,3.394,,,,,
4.59375,92.9,3.389,,,,,
4.604166667,93.1,3.387,,,,,
4.614583333,93.3,3.391,,,,,
4.625,93.7,3.394,,,,,
4.635416667,94,3.4,,,,,
4.645833333,94.4,3.405,,,,,
4.65625,94.9,3.408,,,,,
4.666666667,99.6,3.432,,,,,
4.677083333,101,3.45,,,,,
4.6875,99.8,3.45,,,,,
4.697916667,101,3.452,,,,,
4.708333333,101,3.459,,,,,
4.71875,101,3.455,,,,,
4.729166667,101,3.451,,,,,
4.739583333,103,3.469,,,,,
4.75,102,3.466,,,,,
4.760416667,101,3.466,,,,,
4.770833333,101,3.47,,,,,
4.78125,101,3.466,,,,,
4.791666667,101,3.467,,,,,
4.802083333,102,3.471,,,,,
4.8125,102,3.475,,,,,
4.822916667,102,3.475,,,,,
4.833333333,102,3.478,,,,,
4.84375,104,3.482,,,,,
4.854166667,103,3.485,,,,,
4.864583333,104,3.486,,,,,
4.875,104,3.484,,,,,
4.885416667,106,3.502,,,,,
4.895833333,104,3.49,,,,,
4.90625,103,3.485,,,,,
4.916666667,104,3.484,,,,,
4.927083333,105,3.497,,,,,
4.9375,107,3.506,,,,,
4.947916667,107,3.508,,,,,
4.958333333,106,3.506,,,,,
4.96875,106,3.506,,,,,
4.979166667,106,3.506,,,,,
4.989583333,107,3.501,,,,,
5,107,3.501,,,,,
5.010416667,107,3.505,,,,,
5.020833333,107,3.502,,,,,
5.03125,106,3.506,,,,,
5.041666667,106,3.508,,,,,
5.052083333,106,3.506,,,,,
5.0625,106,3.507,,,,,
5.072916667,106,3.506,,,,,
5.083333333,106,3.507,,,,,
5.09375,106,3.511,,,,,
5.104166667,106,3.503,,,,,
5.114583333,106,3.509,,,,,
5.125,105,3.507,,,,,
5.135416667,106,3.508,,,,,
5.145833333,106,3.509,,,,,
5.15625,106,3.506,,,,,
5.166666667,106,3.504,,,,,
5.177083333,106,3.5,,,,,
5.1875,105,3.504,,,,,
5.197916667,106,3.5,,,,,
5.208333333,106,3.502,,,,,
5.21875,105,3.5,,,,,
5.229166667,105,3.498,,,,,
5.239583333,105,3.498,,,,,
5.25,105,3.496,,,,,
5.260416667,105,3.495,,,,,
5.270833333,105,3.494,,,,,
5.28125,105,3.499,,,,,
5.291666666,105,3.494,,,,,
5.302083333,104,3.494,,,,,
5.3125,105,3.491,,,,,
5.322916666,105,3.495,,,,,
5.333333333,104,3.495,,,,,
5.34375,104,3.494,,,,,
5.354166666,104,3.493,,,,,
5.364583333,105,3.494,,,,,
5.375,104,3.494,,,,,
5.385416666,104,3.493,,,,,
5.395833333,105,3.491,,,,,
5.40625,105,3.492,,,,,
5.416666666,105,3.492,,,,,
5.427083333,105,3.494,,,,,
5.4375,105,3.49,,,,,
5.447916666,102,3.51,,,,,
5.458333333,104,3.506,,,,,
5.46875,106,3.5,,,,,
5.479166666,107,3.493,,,,,
5.489583333,106,3.505,,,,,
5.5,105,3.499,,,,,
5.510416666,107,3.489,,,,,
5.520833333,107,3.486,,,,,
5.53125,112,3.525,,,,,
5.541666666,121,3.534,,,,,
5.552083333,128,3.495,,,,,
5.5625,124,3.467,,,,,
5.572916667,121,3.446,,,,,
5.583333333,120,3.433,,,,,
5.59375,119,3.422,,,,,
5.604166667,118,3.416,,,,,
5.614583333,118,3.409,,,,,
5.625,119,3.408,,,,,
5.635416667,119,3.409,,,,,
5.645833333,119,3.407,,,,,
5.65625,119,3.415,,,,,
5.666666667,120,3.416,,,,,
5.677083333,121,3.42,,,,,
5.6875,122,3.413,,,,,
5.697916667,122,3.419,,,,,
5.708333333,123,3.426,,,,,
5.71875,123,3.432,,,,,
5.729166667,124,3.439,,,,,
5.739583333,124,3.438,,,,,
5.75,125,3.449,,,,,
5.760416667,125,3.45,,,,,
5.770833333,125,3.45,,,,,
5.78125,125,3.453,,,,,
5.791666667,125,3.449,,,,,
5.802083333,125,3.455,,,,,
5.8125,125,3.452,,,,,
5.822916667,125,3.455,,,,,
5.833333333,125,3.45,,,,,
5.84375,124,3.442,,,,,
5.854166667,124,3.443,,,,,
5.864583333,124,3.441,,,,,
5.875,123,3.442,,,,,
5.885416667,124,3.44,,,,,
5.895833333,123,3.434,,,,,
5.90625,123,3.431,,,,,
5.916666667,123,3.426,,,,,
5.927083333,122,3.432,,,,,
5.9375,123,3.439,,,,,
5.947916667,123,3.425,,,,,
5.958333333,123,3.425,,,,,
5.96875,123,3.422,,,,,
5.979166667,123,3.422,,,,,
5.989583333,123,3.424,,,,,
6,122,3.426,,,,,
6.010416667,122,3.432,,,,,
6.020833333,123,3.425,,,,,
6.03125,123,3.428,,,,,
6.041666667,123,3.423,,,,,
6.052083333,123,3.429,,,,,
6.0625,123,3.433,,,,,
6.072916667,123,3.425,,,,,
6.083333333,123,3.426,,,,,
6.09375,123,3.426,,,,,
6.104166667,123,3.424,,,,,
6.114583333,123,3.422,,,,,
6.125,123,3.427,,,,,
6.135416667,123,3.425,,,,,
6.145833333,123,3.428,,,,,
6.15625,122,3.425,,,,,
6.166666667,122,3.428,,,,,
6.177083333,122,3.416,,,,,
6.1875,122,3.412,,,,,
6.197916667,121,3.422,,,,,
6.208333333,121,3.41,,,,,
6.21875,121,3.405,,,,,
6.229166667,121,3.416,,,,,
6.239583333,121,3.413,,,,,
6.25,121,3.409,,,,,
6.260416667,120,3.406,,,,,
6.270833333,120,3.397,,,,,
6.28125,120,3.402,,,,,
6.291666666,120,3.39,,,,,
6.302083333,119,3.399,,,,,
6.3125,120,3.394,,,,,
6.322916666,119,3.393,,,,,
6.333333333,119,3.389,,,,,
6.34375,119,3.385,,,,,
6.354166666,119,3.384,,,,,
6.364583333,119,3.388,,,,,
6.375,118,3.382,,,,,
6.385416666,118,3.383,,,,,
6.395833333,118,3.383,,,,,
6.40625,119,3.389,,,,,
6.416666666,115,3.409,,,,,
6.427083333,116,3.418,,,,,
6.4375,116,3.432,,,,,
6.447916666,117,3.44,,,,,
6.458333333,118,3.43,,,,,
6.46875,119,3.43,,,,,
6.479166666,118,3.42,,,,,
6.489583333,118,3.425,,,,,
6.5,118,3.411,,,,,
6.510416666,118,3.422,,,,,
6.520833333,118,3.421,,,,,
6.53125,118,3.423,,,,,
6.541666666,119,3.421,,,,,
6.552083333,118,3.425,,,,,
6.5625,118,3.422,,,,,
6.572916666,119,3.424,,,,,
6.583333333,118,3.423,,,,,
6.59375,118,3.419,,,,,
6.604166666,118,3.418,,,,,
6.614583333,118,3.421,,,,,
6.625,118,3.424,,,,,
6.635416666,118,3.419,,,,,
6.645833333,118,3.413,,,,,
6.65625,117,3.409,,,,,
6.666666666,116,3.402,,,,,
6.677083333,116,3.402,,,,,
6.6875,115,3.396,,,,,
6.697916666,115,3.392,,,,,
6.708333333,114,3.384,,,,,
6.71875,114,3.391,,,,,
6.729166666,114,3.383,,,,,
6.739583333,114,3.388,,,,,
6.75,114,3.383,,,,,
6.760416666,114,3.378,,,,,
6.770833333,114,3.383,,,,,
6.78125,114,3.381,,,,,
6.791666666,114,3.378,,,,,
6.802083333,114,3.382,,,,,
6.8125,114,3.384,,,,,
6.822916667,114,3.387,,,,,
6.833333333,115,3.379,,,,,
6.84375,115,3.391,,,,,
6.854166667,117,3.395,,,,,
6.864583333,117,3.395,,,,,
6.875,117,3.398,,,,,
6.885416667,117,3.401,,,,,
6.895833333,117,3.399,,,,,
6.90625,117,3.409,,,,,
6.916666667,118,3.411,,,,,
6.927083333,118,3.409,,,,,
6.9375,119,3.42,,,,,
6.947916667,119,3.411,,,,,
6.958333333,120,3.426,,,,,
6.96875,120,3.425,,,,,
6.979166667,119,3.434,,,,,
6.989583333,120,3.43,,,,,
7,120,3.431,,,,,
7.010416667,120,3.427,,,,,
7.020833333,121,3.441,,,,,
7.03125,121,3.446,,,,,
7.041666667,121,3.453,,,,,
7.052083333,122,3.451,,,,,
7.0625,121,3.449,,,,,
7.072916667,122,3.445,,,,,
7.083333333,121,3.452,,,,,
7.09375,122,3.455,,,,,
7.104166667,122,3.458,,,,,
7.114583333,122,3.461,,,,,
7.125,122,3.461,,,,,
7.135416667,123,3.46,,,,,
7.145833333,123,3.461,,,,,
7.15625,123,3.462,,,,,
7.166666667,123,3.461,,,,,
7.177083333,123,3.469,,,,,
7.1875,124,3.473,,,,,
7.197916667,123,3.468,,,,,
7.208333333,124,3.464,,,,,
7.21875,124,3.471,,,,,
7.229166667,124,3.475,,,,,
7.239583333,124,3.473,,,,,
7.25,124,3.469,,,,,
7.260416667,124,3.478,,,,,
7.270833333,125,3.48,,,,,
7.28125,125,3.485,,,,,
7.291666666,125,3.482,,,,,
7.302083333,125,3.48,,,,,
7.3125,126,3.478,,,,,
7.322916666,127,3.485,,,,,
7.333333333,126,3.491,,,,,
7.34375,126,3.491,,,,,
7.354166666,127,3.492,,,,,
7.364583333,126,3.495,,,,,
7.375,126,3.487,,,,,
7.385416666,126,3.486,,,,,
7.395833333,127,3.493,,,,,
7.40625,126,3.486,,,,,
7.416666666,127,3.494,,,,,
7.427083333,127,3.503,,,,,
7.4375,127,3.504,,,,,
7.447916666,128,3.498,,,,,
7.458333333,128,3.499,,,,,
7.46875,129,3.51,,,,,
7.479166666,129,3.517,,,,,
7.489583333,129,3.514,,,,,
7.5,129,3.512,,,,,
7.510416666,130,3.513,,,,,
7.520833333,130,3.514,,,,,
7.53125,130,3.51,,,,,
7.541666666,130,3.513,,,,,
7.552083333,129,3.519,,,,,
7.5625,130,3.513,,,,,
7.572916666,130,3.52,,,,,
7.583333333,130,3.524,,,,,
7.59375,130,3.538,,,,,
7.604166666,130,3.542,,,,,
7.614583333,131,3.557,,,,,
7.625,133,3.573,,,,,
7.635416666,145,3.581,,,,,
7.645833333,148,3.575,,,,,
7.65625,145,3.571,,,,,
7.666666666,145,3.572,,,,,
7.677083333,145,3.57,,,,,
7.6875,144,3.561,,,,,
7.697916666,145,3.571,,,,,
7.708333333,147,3.57,,,,,
7.71875,147,3.587,,,,,
7.729166666,147,3.587,,,,,
7.739583333,147,3.594,,,,,
7.75,147,3.579,,,,,
7.760416666,146,3.583,,,,,
7.770833333,145,3.579,,,,,
7.78125,145,3.584,,,,,
7.791666667,145,3.573,,,,,
7.802083333,144,3.575,,,,,
7.8125,145,3.567,,,,,
7.822916667,145,3.566,,,,,
7.833333333,144,3.567,,,,,
7.84375,144,3.566,,,,,
7.854166667,144,3.562,,,,,
7.864583333,144,3.556,,,,,
7.875,144,3.56,,,,,
7.885416667,143,3.559,,,,,
7.895833333,143,3.559,,,,,
7.90625,143,3.566,,,,,
7.916666667,143,3.564,,,,,
7.927083333,143,3.563,,,,,
7.9375,144,3.558,,,,,
7.947916667,144,3.562,,,,,
7.958333333,143,3.562,,,,,
7.96875,143,3.561,,,,,
7.979166667,144,3.558,,,,,
7.989583333,143,3.558,,,,,
8,143,3.56,,,,,
8.010416667,144,3.563,,,,,
8.020833333,144,3.551,,,,,
8.03125,144,3.565,,,,,
8.041666667,145,3.568,,,,,
8.052083333,144,3.57,,,,,
8.0625,144,3.563,,,,,
8.072916667,144,3.568,,,,,
8.083333333,144,3.567,,,,,
8.09375,144,3.568,,,,,
8.104166667,144,3.571,,,,,
8.114583333,144,3.566,,,,,
8.125,146,3.565,,,,,
8.135416667,144,3.568,,,,,
8.145833333,145,3.569,,,,,
8.15625,145,3.57,,,,,
8.166666667,145,3.571,,,,,
8.177083333,145,3.565,,,,,
8.1875,145,3.571,,,,,
8.197916667,145,3.572,,,,,
8.208333333,145,3.568,,,,,
8.21875,145,3.574,,,,,
8.229166667,145,3.574,,,,,
8.239583333,145,3.57,,,,,
8.25,145,3.57,,,,,
8.260416666,145,3.578,,,,,
8.270833333,145,3.571,,,,,
8.28125,145,3.574,,,,,
8.291666666,145,3.569,,,,,
8.302083333,145,3.571,,,,,
8.3125,145,3.571,,,,,
8.322916666,145,3.57,,,,,
8.333333333,145,3.576,,,,,
8.34375,145,3.577,,,,,
8.354166666,145,3.587,,,,,
8.364583333,145,3.572,,,,,
8.375,146,3.583,,,,,
8.385416666,145,3.578,,,,,
8.395833333,145,3.573,,,,,
8.40625,145,3.581,,,,,
8.416666666,145,3.583,,,,,
8.427083333,145,3.582,,,,,
8.4375,145,3.579,,,,,
8.447916666,145,3.581,,,,,
8.458333333,145,3.58,,,,,
8.46875,145,3.581,,,,,
8.479166666,146,3.585,,,,,
8.489583333,145,3.587,,,,,
8.5,146,3.597,,,,,
8.510416666,152,3.615,,,,,
8.520833333,155,3.635,,,,,
8.53125,154,3.617,,,,,
8.541666666,154,3.614,,,,,
8.552083333,154,3.599,,,,,
8.5625,153,3.598,,,,,
8.572916666,152,3.59,,,,,
8.583333333,151,3.592,,,,,
8.59375,150,3.579,,,,,
8.604166666,149,3.578,,,,,
8.614583333,149,3.57,,,,,
8.625,149,3.567,,,,,
8.635416666,148,3.555,,,,,
8.645833333,148,3.557,,,,,
8.65625,148,3.563,,,,,
8.666666666,149,3.558,,,,,
8.677083333,150,3.573,,,,,
8.6875,149,3.565,,,,,
8.697916666,151,3.574,,,,,
8.708333333,151,3.587,,,,,
8.71875,152,3.589,,,,,
8.729166666,153,3.593,,,,,
8.739583333,153,3.591,,,,,
8.75,154,3.609,,,,,
8.760416666,154,3.596,,,,,
8.770833333,154,3.599,,,,,
8.78125,154,3.597,,,,,
8.791666667,154,3.602,,,,,
8.802083333,153,3.601,,,,,
8.8125,154,3.602,,,,,
8.822916667,154,3.601,,,,,
8.833333333,154,3.594,,,,,
8.84375,153,3.61,,,,,
8.854166667,154,3.594,,,,,
8.864583333,154,3.601,,,,,
8.875,154,3.612,,,,,
8.885416667,153,3.596,,,,,
8.895833333,154,3.611,,,,,
8.90625,153,3.606,,,,,
8.916666667,154,3.614,,,,,
8.927083333,153,3.618,,,,,
8.9375,154,3.618,,,,,
8.947916667,155,3.625,,,,,
8.958333333,155,3.628,,,,,
8.96875,154,3.623,,,,,
8.979166667,155,3.638,,,,,
8.989583333,155,3.63,,,,,
9,156,3.628,,,,,
9.010416667,156,3.638,,,,,
9.020833333,156,3.636,,,,,
9.03125,157,3.65,,,,,
9.041666667,157,3.66,,,,,
9.052083333,157,3.655,,,,,
9.0625,158,3.659,,,,,
9.072916667,158,3.665,,,,,
9.083333333,159,3.66,,,,,
9.09375,159,3.652,,,,,
9.104166667,159,3.651,,,,,
9.114583333,159,3.66,,,,,
9.125,159,3.659,,,,,
9.135416667,160,3.664,,,,,
9.145833333,160,3.657,,,,,
9.15625,160,3.67,,,,,
9.166666667,162,3.679,,,,,
9.177083333,163,3.682,,,,,
9.1875,163,3.68,,,,,
9.197916667,163,3.689,,,,,
9.208333333,164,3.697,,,,,
9.21875,164,3.698,,,,,
9.229166667,164,3.699,,,,,
9.239583333,164,3.706,,,,,
9.25,164,3.702,,,,,
9.260416666,165,3.705,,,,,
9.270833333,166,3.706,,,,,
9.28125,166,3.708,,,,,
9.291666666,166,3.707,,,,,
9.302083333,167,3.722,,,,,
9.3125,167,3.716,,,,,
9.322916666,167,3.728,,,,,
9.333333333,167,3.731,,,,,
9.34375,168,3.735,,,,,
9.354166666,169,3.738,,,,,
9.364583333,169,3.738,,,,,
9.375,170,3.752,,,,,
9.385416666,170,3.763,,,,,
9.395833333,172,3.77,,,,,
9.40625,172,3.767,,,,,
9.416666666,172,3.786,,,,,
9.427083333,180,3.812,,,,,
9.4375,182,3.833,,,,,
9.447916666,182,3.822,,,,,
9.458333333,181,3.836,,,,,
9.46875,181,3.842,,,,,
9.479166666,181,3.833,,,,,
9.489583333,181,3.833,,,,,
9.5,183,3.855,,,,,
9.510416666,186,3.859,,,,,
9.520833333,186,3.878,,,,,
9.53125,186,3.866,,,,,
9.541666666,185,3.873,,,,,
9.552083333,185,3.868,,,,,
9.5625,185,3.867,,,,,
9.572916666,186,3.878,,,,,
9.583333333,187,3.869,,,,,
9.59375,188,3.871,,,,,
9.604166666,187,3.889,,,,,
9.614583333,189,3.884,,,,,
9.625,189,3.892,,,,,
9.635416666,189,3.896,,,,,
9.645833333,191,3.902,,,,,
9.65625,190,3.908,,,,,
9.666666666,191,3.913,,,,,
9.677083333,193,3.915,,,,,
9.6875,193,3.922,,,,,
9.697916666,195,3.929,,,,,
9.708333333,196,3.946,,,,,
9.71875,197,3.954,,,,,
9.729166666,199,3.956,,,,,
9.739583333,200,3.962,,,,,
9.75,202,3.977,,,,,
9.760416666,203,4,,,,,
9.770833333,204,4.001,,,,,
9.78125,205,4.006,,,,,
9.791666667,205,4.028,,,,,
9.802083333,206,4.03,,,,,
9.8125,205,4.045,,,,,
9.822916667,207,4.033,,,,,
9.833333333,206,4.03,,,,,
9.84375,206,4.034,,,,,
9.854166667,207,4.047,,,,,
9.864583333,207,4.05,,,,,
9.875,208,4.05,,,,,
9.885416667,209,4.056,,,,,
9.895833333,211,4.066,,,,,
9.90625,212,4.079,,,,,
9.916666667,214,4.086,,,,,
9.927083333,215,4.102,,,,,
9.9375,217,4.116,,,,,
9.947916667,217,4.125,,,,,
9.958333333,218,4.128,,,,,
9.96875,218,4.127,,,,,
9.979166667,218,4.144,,,,,
9.989583333,219,4.139,,,,,
10,219,4.145,,,,,
10.01041667,217,4.134,,,,,
10.02083333,217,4.139,,,,,
10.03125,216,4.133,,,,,
10.04166667,215,4.131,,,,,
10.05208333,215,4.118,,,,,
10.0625,215,4.128,,,,,
10.07291667,215,4.124,,,,,
10.08333333,215,4.121,,,,,
10.09375,214,4.123,,,,,
10.10416667,214,4.112,,,,,
10.11458333,214,4.118,,,,,
10.125,214,4.114,,,,,
10.13541667,214,4.112,,,,,
10.14583333,214,4.099,,,,,
10.15625,214,4.106,,,,,
10.16666667,214,4.119,,,,,
10.17708333,213,4.11,,,,,
10.1875,214,4.102,,,,,
10.19791667,214,4.112,,,,,
10.20833333,213,4.095,,,,,
10.21875,215,4.11,,,,,
10.22916667,213,4.113,,,,,
10.23958333,215,4.102,,,,,
10.25,215,4.102,,,,,
10.26041667,214,4.113,,,,,
10.27083333,214,4.097,,,,,
10.28125,215,4.114,,,,,
10.29166667,215,4.119,,,,,
10.30208333,217,4.131,,,,,
10.3125,220,4.149,,,,,
10.32291667,221,4.14,,,,,
10.33333333,223,4.166,,,,,
10.34375,224,4.18,,,,,
10.35416667,224,4.183,,,,,
10.36458333,226,4.185,,,,,
10.375,225,4.184,,,,,
10.38541667,224,4.199,,,,,
10.39583333,225,4.19,,,,,
10.40625,226,4.169,,,,,
10.41666667,225,4.167,,,,,
10.42708333,223,4.156,,,,,
10.4375,222,4.155,,,,,
10.44791667,222,4.148,,,,,
10.45833333,222,4.136,,,,,
10.46875,220,4.142,,,,,
10.47916667,221,4.128,,,,,
10.48958333,222,4.14,,,,,
10.5,220,4.136,,,,,
10.51041667,221,4.136,,,,,
10.52083333,222,4.119,,,,,
10.53125,220,4.135,,,,,
10.54166667,222,4.117,,,,,
10.55208333,221,4.129,,,,,
10.5625,222,4.123,,,,,
10.57291667,221,4.12,,,,,
10.58333333,220,4.13,,,,,
10.59375,221,4.127,,,,,
10.60416667,221,4.119,,,,,
10.61458333,221,4.119,,,,,
10.625,222,4.119,,,,,
10.63541667,221,4.118,,,,,
10.64583333,221,4.125,,,,,
10.65625,221,4.119,,,,,
10.66666667,222,4.119,,,,,
10.67708333,222,4.114,,,,,
10.6875,222,4.126,,,,,
10.69791667,221,4.12,,,,,
10.70833333,223,4.126,,,,,
10.71875,223,4.11,,,,,
10.72916667,223,4.133,,,,,
10.73958333,223,4.14,,,,,
10.75,223,4.141,,,,,
10.76041667,224,4.148,,,,,
10.77083333,223,4.144,,,,,
10.78125,225,4.135,,,,,
10.79166667,224,4.152,,,,,
10.80208333,225,4.14,,,,,
10.8125,225,4.14,,,,,
10.82291667,225,4.161,,,,,
10.83333333,226,4.151,,,,,
10.84375,226,4.154,,,,,
10.85416667,226,4.144,,,,,
10.86458333,226,4.148,,,,,
10.875,226,4.146,,,,,
10.88541667,226,4.162,,,,,
10.89583333,226,4.156,,,,,
10.90625,228,4.154,,,,,
10.91666667,227,4.157,,,,,
10.92708333,228,4.178,,,,,
10.9375,229,4.176,,,,,
10.94791667,228,4.176,,,,,
10.95833333,229,4.162,,,,,
10.96875,229,4.176,,,,,
10.97916667,230,4.166,,,,,
10.98958333,230,4.177,,,,,
11,230,4.188,,,,,
11.01041667,230,4.188,,,,,
11.02083333,230,4.204,,,,,
11.03125,230,4.19,,,,,
11.04166667,231,4.197,,,,,
11.05208333,232,4.194,,,,,
11.0625,232,4.202,,,,,
11.07291667,232,4.203,,,,,
11.08333333,232,4.209,,,,,
11.09375,234,4.2,,,,,
11.10416667,233,4.202,,,,,
11.11458333,235,4.229,,,,,
11.125,235,4.21,,,,,
11.13541667,235,4.222,,,,,
11.14583333,237,4.249,,,,,
11.15625,240,4.254,,,,,
11.16666667,242,4.282,,,,,
11.17708333,245,4.293,,,,,
11.1875,247,4.305,,,,,
11.19791667,248,4.305,,,,,
11.20833333,248,4.316,,,,,
11.21875,249,4.332,,,,,
11.22916667,248,4.327,,,,,
11.23958333,248,4.324,,,,,
11.25,247,4.326,,,,,
11.26041667,247,4.317,,,,,
11.27083333,247,4.331,,,,,
11.28125,247,4.309,,,,,
11.29166667,247,4.316,,,,,
11.30208333,245,4.316,,,,,
11.3125,247,4.318,,,,,
11.32291667,245,4.323,,,,,
11.33333333,247,4.315,,,,,
11.34375,247,4.335,,,,,
11.35416667,247,4.326,,,,,
11.36458333,247,4.322,,,,,
11.375,247,4.328,,,,,
11.38541667,247,4.326,,,,,
11.39583333,247,4.31,,,,,
11.40625,247,4.337,,,,,
11.41666667,247,4.332,,,,,
11.42708333,248,4.335,,,,,
11.4375,249,4.335,,,,,
11.44791667,248,4.333,,,,,
11.45833333,249,4.33,,,,,
11.46875,248,4.324,,,,,
11.47916667,248,4.313,,,,,
11.48958333,247,4.326,,,,,
11.5,247,4.334,,,,,
11.51041667,247,4.319,,,,,
11.52083333,246,4.324,,,,,
11.53125,245,4.303,,,,,
11.54166667,245,4.3,,,,,
11.55208333,244,4.292,,,,,
11.5625,244,4.302,,,,,
11.57291667,243,4.3,,,,,
11.58333333,243,4.285,,,,,
11.59375,244,4.289,,,,,
11.60416667,244,4.289,,,,,
11.61458333,243,4.297,,,,,
11.625,244,4.289,,,,,
11.63541667,244,4.295,,,,,
11.64583333,243,4.296,,,,,
11.65625,244,4.289,,,,,
11.66666667,244,4.291,,,,,
11.67708333,244,4.3,,,,,
11.6875,244,4.285,,,,,
11.69791667,245,4.292,,,,,
11.70833333,245,4.294,,,,,
11.71875,245,4.294,,,,,
11.72916667,245,4.302,,,,,
11.73958333,246,4.296,,,,,
11.75,245,4.296,,,,,
11.76041667,245,4.311,,,,,
11.77083333,245,4.302,,,,,
11.78125,246,4.305,,,,,
11.79166667,247,4.297,,,,,
11.80208333,247,4.316,,,,,
11.8125,248,4.305,,,,,
11.82291667,249,4.323,,,,,
11.83333333,249,4.33,,,,,
11.84375,249,4.33,,,,,
11.85416667,251,4.343,,,,,
11.86458333,252,4.342,,,,,
11.875,252,4.355,,,,,
11.88541667,253,4.358,,,,,
11.89583333,256,4.362,,,,,
11.90625,258,4.392,,,,,
11.91666667,263,4.418,,,,,
11.92708333,268,4.45,,,,,
11.9375,271,4.471,,,,,
11.94791667,276,4.486,,,,,
11.95833333,278,4.537,,,,,
11.96875,279,4.543,,,,,
11.97916667,278,4.539,,,,,
11.98958333,275,4.55,,,,,
12,275,4.551,,,,,
12.01041667,271,4.52,,,,,
12.02083333,271,4.517,,,,,
12.03125,269,4.527,,,,,
12.04166667,268,4.506,,,,,
12.05208333,266,4.489,,,,,
12.0625,266,4.492,,,,,
12.07291667,266,4.485,,,,,
12.08333333,265,4.48,,,,,
12.09375,265,4.474,,,,,
12.10416667,264,4.469,,,,,
12.11458333,264,4.461,,,,,
12.125,264,4.467,,,,,
12.13541667,265,4.467,,,,,
12.14583333,263,4.468,,,,,
12.15625,263,4.465,,,,,
12.16666667,264,4.46,,,,,
12.17708333,265,4.458,,,,,
12.1875,265,4.47,,,,,
12.19791667,265,4.486,,,,,
12.20833333,266,4.475,,,,,
12.21875,266,4.474,,,,,
12.22916667,267,4.462,,,,,
12.23958333,266,4.48,,,,,
12.25,265,4.47,,,,,
12.26041667,266,4.483,,,,,
12.27083333,267,4.468,,,,,
12.28125,266,4.476,,,,,
12.29166667,266,4.469,,,,,
12.30208333,267,4.48,,,,,
12.3125,266,4.467,,,,,
12.32291667,266,4.477,,,,,
12.33333333,267,4.49,,,,,
12.34375,266,4.488,,,,,
12.35416667,266,4.481,,,,,
12.36458333,267,4.48,,,,,
12.375,266,4.483,,,,,
12.38541667,267,4.493,,,,,
12.39583333,266,4.481,,,,,
12.40625,267,4.483,,,,,
12.41666667,269,4.482,,,,,
12.42708333,267,4.495,,,,,
12.4375,267,4.49,,,,,
12.44791667,267,4.473,,,,,
12.45833333,268,4.49,,,,,
12.46875,268,4.486,,,,,
12.47916667,267,4.489,,,,,
12.48958333,267,4.489,,,,,
12.5,267,4.494,,,,,
12.51041667,269,4.483,,,,,
12.52083333,270,4.5,,,,,
12.53125,272,4.522,,,,,
12.54166667,274,4.53,,,,,
12.55208333,275,4.526,,,,,
12.5625,276,4.551,,,,,
12.57291667,276,4.537,,,,,
12.58333333,275,4.539,,,,,
12.59375,276,4.552,,,,,
12.60416667,276,4.535,,,,,
12.61458333,275,4.552,,,,,
12.625,275,4.541,,,,,
12.63541667,274,4.539,,,,,
12.64583333,274,4.545,,,,,
12.65625,274,4.53,,,,,
12.66666667,272,4.549,,,,,
12.67708333,272,4.531,,,,,
12.6875,274,4.546,,,,,
12.69791667,272,4.521,,,,,
12.70833333,272,4.518,,,,,
12.71875,271,4.512,,,,,
12.72916667,271,4.525,,,,,
12.73958333,271,4.527,,,,,
12.75,270,4.517,,,,,
12.76041667,271,4.523,,,,,
12.77083333,270,4.508,,,,,
12.78125,270,4.502,,,,,
12.79166667,270,4.505,,,,,
12.80208333,270,4.494,,,,,
12.8125,269,4.504,,,,,
12.82291667,270,4.508,,,,,
12.83333333,269,4.502,,,,,
12.84375,270,4.499,,,,,
12.85416667,269,4.508,,,,,
12.86458333,269,4.493,,,,,
12.875,269,4.495,,,,,
12.88541667,269,4.501,,,,,
12.89583333,268,4.494,,,,,
12.90625,269,4.499,,,,,
12.91666667,267,4.502,,,,,
12.92708333,268,4.494,,,,,
12.9375,268,4.503,,,,,
12.94791667,267,4.503,,,,,
12.95833333,268,4.489,,,,,
12.96875,268,4.497,,,,,
12.97916667,268,4.495,,,,,
12.98958333,267,4.485,,,,,
13,269,4.498,,,,,
13.01041667,267,4.504,,,,,
13.02083333,267,4.487,,,,,
13.03125,267,4.485,,,,,
13.04166667,268,4.489,,,,,
13.05208333,267,4.478,,,,,
13.0625,268,4.484,,,,,
13.07291667,266,4.482,,,,,
13.08333333,267,4.481,,,,,
13.09375,268,4.462,,,,,
13.10416667,266,4.466,,,,,
13.11458333,266,4.478,,,,,
13.125,267,4.487,,,,,
13.13541667,267,4.492,,,,,
13.14583333,267,4.489,,,,,
13.15625,266,4.493,,,,,
13.16666667,267,4.481,,,,,
13.17708333,266,4.468,,,,,
13.1875,267,4.495,,,,,
13.19791667,267,4.47,,,,,
13.20833333,266,4.484,,,,,
13.21875,266,4.487,,,,,
13.22916667,267,4.473,,,,,
13.23958333,267,4.484,,,,,
13.25,265,4.485,,,,,
13.26041667,266,4.487,,,,,
13.27083333,266,4.481,,,,,
13.28125,266,4.469,,,,,
13.29166667,265,4.473,,,,,
13.30208333,267,4.474,,,,,
13.3125,265,4.49,,,,,
13.32291667,266,4.472,,,,,
13.33333333,266,4.479,,,,,
13.34375,265,4.479,,,,,
13.35416667,265,4.469,,,,,
13.36458333,265,4.481,,,,,
13.375,266,4.49,,,,,
13.38541667,265,4.477,,,,,
13.39583333,265,4.471,,,,,
13.40625,265,4.457,,,,,
13.41666667,267,4.465,,,,,
13.42708333,265,4.48,,,,,
13.4375,266,4.456,,,,,
13.44791667,265,4.467,,,,,
13.45833333,266,4.477,,,,,
13.46875,265,4.465,,,,,
13.47916667,265,4.456,,,,,
13.48958333,265,4.474,,,,,
13.5,264,4.462,,,,,
13.51041667,264,4.464,,,,,
13.52083333,265,4.47,,,,,
13.53125,266,4.464,,,,,
13.54166667,265,4.472,,,,,
13.55208333,264,4.46,,,,,
13.5625,264,4.456,,,,,
13.57291667,264,4.457,,,,,
13.58333333,263,4.451,,,,,
13.59375,264,4.471,,,,,
13.60416667,264,4.463,,,,,
13.61458333,264,4.455,,,,,
13.625,264,4.459,,,,,
13.63541667,264,4.475,,,,,
13.64583333,264,4.456,,,,,
13.65625,264,4.466,,,,,
13.66666667,264,4.456,,,,,
13.67708333,263,4.461,,,,,
13.6875,265,4.458,,,,,
13.69791667,265,4.457,,,,,
13.70833333,264,4.461,,,,,
13.71875,264,4.47,,,,,
13.72916667,264,4.449,,,,,
13.73958333,263,4.47,,,,,
13.75,265,4.461,,,,,
13.76041667,264,4.474,,,,,
13.77083333,264,4.46,,,,,
13.78125,265,4.469,,,,,
13.79166667,265,4.463,,,,,
13.80208333,264,4.469,,,,,
13.8125,264,4.464,,,,,
13.82291667,265,4.471,,,,,
13.83333333,265,4.46,,,,,
13.84375,264,4.472,,,,,
13.85416667,264,4.453,,,,,
13.86458333,264,4.455,,,,,
13.875,264,4.451,,,,,
13.88541667,264,4.476,,,,,
13.89583333,265,4.452,,,,,
13.90625,263,4.459,,,,,
13.91666667,265,4.466,,,,,
13.92708333,265,4.465,,,,,
13.9375,264,4.456,,,,,
13.94791667,264,4.468,,,,,
13.95833333,264,4.462,,,,,
13.96875,264,4.472,,,,,
13.97916667,264,4.472,,,,,
13.98958333,264,4.469,,,,,
14,265,4.454,,,,,
14.01041667,264,4.46,,,,,
14.02083333,264,4.462,,,,,
14.03125,263,4.451,,,,,
14.04166667,264,4.462,,,,,
14.05208333,263,4.465,,,,,
14.0625,264,4.45,,,,,
14.07291667,263,4.456,,,,,
14.08333333,263,4.465,,,,,
14.09375,263,4.455,,,,,
14.10416667,262,4.454,,,,,
14.11458333,263,4.445,,,,,
14.125,263,4.438,,,,,
14.13541667,263,4.451,,,,,
14.14583333,262,4.457,,,,,
14.15625,262,4.453,,,,,
14.16666667,263,4.437,,,,,
14.17708333,262,4.446,,,,,
14.1875,262,4.442,,,,,
14.19791667,262,4.44,,,,,
14.20833333,261,4.44,,,,,
14.21875,261,4.44,,,,,
14.22916667,262,4.439,,,,,
14.23958333,262,4.427,,,,,
14.25,261,4.432,,,,,
14.26041667,261,4.444,,,,,
14.27083333,261,4.425,,,,,
14.28125,260,4.433,,,,,
14.29166667,261,4.436,,,,,
14.30208333,260,4.438,,,,,
14.3125,260,4.437,,,,,
14.32291667,260,4.421,,,,,
14.33333333,260,4.442,,,,,
14.34375,259,4.424,,,,,
14.35416667,260,4.429,,,,,
14.36458333,260,4.41,,,,,
14.375,259,4.424,,,,,
14.38541667,259,4.412,,,,,
14.39583333,259,4.41,,,,,
14.40625,258,4.409,,,,,
14.41666667,259,4.432,,,,,
14.42708333,258,4.432,,,,,
14.4375,258,4.408,,,,,
14.44791667,258,4.433,,,,,
14.45833333,259,4.405,,,,,
14.46875,259,4.423,,,,,
14.47916667,258,4.419,,,,,
14.48958333,258,4.398,,,,,
14.5,257,4.397,,,,,
14.51041667,257,4.418,,,,,
14.52083333,258,4.401,,,,,
14.53125,257,4.407,,,,,
14.54166667,258,4.389,,,,,
14.55208333,257,4.395,,,,,
14.5625,257,4.396,,,,,
14.57291667,258,4.39,,,,,
14.58333333,256,4.399,,,,,
14.59375,256,4.406,,,,,
14.60416667,256,4.392,,,,,
14.61458333,256,4.386,,,,,
14.625,255,4.394,,,,,
14.63541667,256,4.399,,,,,
14.64583333,255,4.392,,,,,
14.65625,255,4.389,,,,,
14.66666667,256,4.389,,,,,
14.67708333,255,4.385,,,,,
14.6875,254,4.387,,,,,
14.69791667,255,4.378,,,,,
14.70833333,255,4.384,,,,,
14.71875,255,4.378,,,,,
14.72916667,255,4.373,,,,,
14.73958333,255,4.376,,,,,
14.75,256,4.372,,,,,
14.76041667,254,4.374,,,,,
14.77083333,255,4.369,,,,,
14.78125,254,4.38,,,,,
14.79166667,255,4.373,,,,,
14.80208333,254,4.373,,,,,
14.8125,255,4.376,,,,,
14.82291667,252,4.372,,,,,
14.83333333,252,4.369,,,,,
14.84375,252,4.359,,,,,
14.85416667,252,4.364,,,,,
14.86458333,252,4.375,,,,,
14.875,253,4.37,,,,,
14.88541667,251,4.36,,,,,
14.89583333,251,4.355,,,,,
14.90625,253,4.348,,,,,
14.91666667,251,4.357,,,,,
14.92708333,251,4.36,,,,,
14.9375,252,4.346,,,,,
14.94791667,251,4.343,,,,,
14.95833333,251,4.342,,,,,
14.96875,251,4.337,,,,,
14.97916667,251,4.346,,,,,
14.98958333,251,4.347,,,,,
15,250,4.348,,,,,
15.01041667,251,4.34,,,,,
15.02083333,249,4.344,,,,,
15.03125,249,4.326,,,,,
15.04166667,249,4.329,,,,,
15.05208333,249,4.333,,,,,
15.0625,249,4.316,,,,,
15.07291667,248,4.32,,,,,
15.08333333,248,4.324,,,,,
15.09375,249,4.335,,,,,
15.10416667,248,4.33,,,,,
15.11458333,249,4.321,,,,,
15.125,247,4.32,,,,,
15.13541667,248,4.317,,,,,
15.14583333,248,4.321,,,,,
15.15625,247,4.314,,,,,
15.16666667,248,4.302,,,,,
15.17708333,247,4.305,,,,,
15.1875,247,4.301,,,,,
15.19791667,246,4.302,,,,,
15.20833333,247,4.32,,,,,
15.21875,246,4.315,,,,,
15.22916667,246,4.306,,,,,
15.23958333,246,4.303,,,,,
15.25,246,4.31,,,,,
15.26041667,246,4.292,,,,,
15.27083333,245,4.314,,,,,
15.28125,244,4.295,,,,,
15.29166667,244,4.3,,,,,
15.30208333,244,4.294,,,,,
15.3125,245,4.296,,,,,
15.32291667,244,4.292,,,,,
15.33333333,244,4.278,,,,,
15.34375,243,4.28,,,,,
15.35416667,243,4.289,,,,,
15.36458333,243,4.292,,,,,
15.375,243,4.272,,,,,
15.38541667,243,4.273,,,,,
15.39583333,243,4.275,,,,,
15.40625,242,4.291,,,,,
15.41666667,242,4.275,,,,,
15.42708333,242,4.271,,,,,
15.4375,242,4.263,,,,,
15.44791667,242,4.276,,,,,
15.45833333,241,4.268,,,,,
15.46875,240,4.254,,,,,
15.47916667,238,4.254,,,,,
15.48958333,236,4.236,,,,,
15.5,234,4.248,,,,,
15.51041667,233,4.231,,,,,
15.52083333,233,4.215,,,,,
15.53125,234,4.208,,,,,
15.54166667,233,4.212,,,,,
15.55208333,233,4.214,,,,,
15.5625,233,4.209,,,,,
15.57291667,235,4.209,,,,,
15.58333333,234,4.22,,,,,
15.59375,235,4.209,,,,,
15.60416667,235,4.206,,,,,
15.61458333,235,4.215,,,,,
15.625,235,4.223,,,,,
15.63541667,235,4.212,,,,,
15.64583333,236,4.215,,,,,
15.65625,236,4.218,,,,,
15.66666667,236,4.216,,,,,
15.67708333,237,4.218,,,,,
15.6875,237,4.216,,,,,
15.69791667,237,4.222,,,,,
15.70833333,236,4.228,,,,,
15.71875,237,4.227,,,,,
15.72916667,237,4.231,,,,,
15.73958333,238,4.23,,,,,
15.75,238,4.223,,,,,
15.76041667,238,4.237,,,,,
15.77083333,238,4.231,,,,,
15.78125,238,4.232,,,,,
15.79166667,238,4.242,,,,,
15.80208333,238,4.238,,,,,
15.8125,238,4.239,,,,,
15.82291667,237,4.245,,,,,
15.83333333,238,4.227,,,,,
15.84375,237,4.234,,,,,
15.85416667,238,4.238,,,,,
15.86458333,237,4.232,,,,,
15.875,238,4.235,,,,,
15.88541667,237,4.236,,,,,
15.89583333,236,4.225,,,,,
15.90625,237,4.227,,,,,
15.91666667,236,4.229,,,,,
15.92708333,237,4.217,,,,,
15.9375,236,4.225,,,,,
15.94791667,236,4.217,,,,,
15.95833333,236,4.211,,,,,
15.96875,235,4.213,,,,,
15.97916667,235,4.205,,,,,
15.98958333,233,4.202,,,,,
16,231,4.199,,,,,
16.01041667,230,4.184,,,,,
16.02083333,230,4.184,,,,,
16.03125,228,4.161,,,,,
16.04166667,228,4.153,,,,,
16.05208333,226,4.152,,,,,
16.0625,226,4.153,,,,,
16.07291667,227,4.15,,,,,
16.08333333,227,4.155,,,,,
16.09375,227,4.146,,,,,
16.10416667,227,4.14,,,,,
16.11458333,227,4.153,,,,,
16.125,227,4.142,,,,,
16.13541667,228,4.147,,,,,
16.14583333,229,4.154,,,,,
16.15625,228,4.164,,,,,
16.16666667,228,4.158,,,,,
16.17708333,229,4.157,,,,,
16.1875,229,4.147,,,,,
16.19791667,228,4.161,,,,,
16.20833333,230,4.161,,,,,
16.21875,229,4.148,,,,,
16.22916667,229,4.162,,,,,
16.23958333,229,4.154,,,,,
16.25,229,4.163,,,,,
16.26041667,229,4.161,,,,,
16.27083333,229,4.17,,,,,
16.28125,229,4.178,,,,,
16.29166667,229,4.169,,,,,
16.30208333,230,4.17,,,,,
16.3125,230,4.148,,,,,
16.32291667,229,4.16,,,,,
16.33333333,229,4.166,,,,,
16.34375,229,4.161,,,,,
16.35416667,229,4.158,,,,,
16.36458333,229,4.173,,,,,
16.375,228,4.161,,,,,
16.38541667,229,4.171,,,,,
16.39583333,228,4.156,,,,,
16.40625,229,4.149,,,,,
16.41666667,228,4.158,,,,,
16.42708333,228,4.16,,,,,
16.4375,228,4.158,,,,,
16.44791667,228,4.159,,,,,
16.45833333,228,4.156,,,,,
16.46875,228,4.159,,,,,
16.47916667,228,4.154,,,,,
16.48958333,229,4.157,,,,,
16.5,230,4.156,,,,,
16.51041667,229,4.174,,,,,
16.52083333,229,4.157,,,,,
16.53125,230,4.15,,,,,
16.54166667,230,4.157,,,,,
16.55208333,229,4.166,,,,,
16.5625,229,4.153,,,,,
16.57291667,230,4.162,,,,,
16.58333333,228,4.156,,,,,
16.59375,229,4.169,,,,,
16.60416667,229,4.162,,,,,
16.61458333,229,4.164,,,,,
16.625,230,4.168,,,,,
16.63541667,229,4.165,,,,,
16.64583333,230,4.178,,,,,
16.65625,229,4.181,,,,,
16.66666667,229,4.169,,,,,
16.67708333,229,4.166,,,,,
16.6875,229,4.153,,,,,
16.69791667,230,4.16,,,,,
16.70833333,229,4.17,,,,,
16.71875,229,4.156,,,,,
16.72916667,229,4.157,,,,,
16.73958333,229,4.164,,,,,
16.75,229,4.16,,,,,
16.76041667,230,4.155,,,,,
16.77083333,229,4.17,,,,,
16.78125,229,4.167,,,,,
16.79166667,229,4.178,,,,,
16.80208333,230,4.178,,,,,
16.8125,229,4.169,,,,,
16.82291667,229,4.157,,,,,
16.83333333,229,4.176,,,,,
16.84375,230,4.168,,,,,
16.85416667,229,4.165,,,,,
16.86458333,228,4.173,,,,,
16.875,230,4.163,,,,,
16.88541667,229,4.155,,,,,
16.89583333,228,4.156,,,,,
16.90625,229,4.161,,,,,
16.91666667,228,4.168,,,,,
16.92708333,229,4.171,,,,,
16.9375,229,4.163,,,,,
16.94791667,229,4.161,,,,,
16.95833333,228,4.153,,,,,
16.96875,229,4.162,,,,,
16.97916667,228,4.153,,,,,
16.98958333,228,4.156,,,,,
17,229,4.16,,,,,
17.01041667,228,4.155,,,,,
17.02083333,229,4.157,,,,,
17.03125,228,4.153,,,,,
17.04166667,229,4.158,,,,,
17.05208333,228,4.154,,,,,
17.0625,228,4.154,,,,,
17.07291667,228,4.158,,,,,
17.08333333,227,4.152,,,,,
17.09375,228,4.136,,,,,
17.10416667,226,4.167,,,,,
17.11458333,228,4.156,,,,,
17.125,227,4.148,,,,,
17.13541667,228,4.146,,,,,
17.14583333,227,4.151,,,,,
17.15625,227,4.157,,,,,
17.16666667,228,4.145,,,,,
17.17708333,226,4.144,,,,,
17.1875,226,4.159,,,,,
17.19791667,226,4.138,,,,,
17.20833333,227,4.155,,,,,
17.21875,227,4.144,,,,,
17.22916667,227,4.155,,,,,
17.23958333,226,4.152,,,,,
17.25,226,4.134,,,,,
17.26041667,226,4.147,,,,,
17.27083333,227,4.151,,,,,
17.28125,226,4.124,,,,,
17.29166667,227,4.142,,,,,
17.30208333,227,4.14,,,,,
17.3125,227,4.149,,,,,
17.32291667,226,4.145,,,,,
17.33333333,226,4.143,,,,,
17.34375,226,4.13,,,,,
17.35416667,227,4.148,,,,,
17.36458333,227,4.132,,,,,
17.375,226,4.139,,,,,
17.38541667,226,4.146,,,,,
17.39583333,225,4.143,,,,,
17.40625,225,4.138,,,,,
17.41666667,226,4.144,,,,,
17.42708333,225,4.153,,,,,
17.4375,225,4.139,,,,,
17.44791667,225,4.136,,,,,
17.45833333,225,4.135,,,,,
17.46875,225,4.134,,,,,
17.47916667,226,4.132,,,,,
17.48958333,224,4.135,,,,,
17.5,225,4.139,,,,,
17.51041667,225,4.144,,,,,
17.52083333,225,4.133,,,,,
17.53125,225,4.134,,,,,
17.54166667,225,4.136,,,,,
17.55208333,225,4.136,,,,,
17.5625,225,4.146,,,,,
17.57291667,224,4.133,,,,,
17.58333333,224,4.129,,,,,
17.59375,224,4.135,,,,,
17.60416667,225,4.12,,,,,
17.61458333,225,4.136,,,,,
17.625,225,4.144,,,,,
17.63541667,225,4.126,,,,,
17.64583333,225,4.132,,,,,
17.65625,225,4.158,,,,,
17.66666667,225,4.143,,,,,
17.67708333,224,4.135,,,,,
17.6875,225,4.14,,,,,
17.69791667,225,4.141,,,,,
17.70833333,225,4.151,,,,,
17.71875,224,4.145,,,,,
17.72916667,225,4.148,,,,,
17.73958333,225,4.139,,,,,
17.75,226,4.138,,,,,
17.76041667,225,4.149,,,,,
17.77083333,225,4.154,,,,,
17.78125,226,4.145,,,,,
17.79166667,225,4.143,,,,,
17.80208333,226,4.153,,,,,
17.8125,226,4.155,,,,,
17.82291667,226,4.155,,,,,
17.83333333,226,4.139,,,,,
17.84375,226,4.145,,,,,
17.85416667,226,4.151,,,,,
17.86458333,226,4.157,,,,,
17.875,227,4.151,,,,,
17.88541667,226,4.16,,,,,
17.89583333,227,4.146,,,,,
17.90625,225,4.155,,,,,
17.91666667,227,4.153,,,,,
17.92708333,226,4.147,,,,,
17.9375,227,4.163,,,,,
17.94791667,227,4.159,,,,,
17.95833333,227,4.164,,,,,
17.96875,228,4.165,,,,,
17.97916667,227,4.151,,,,,
17.98958333,228,4.153,,,,,
18,228,4.164,,,,,
18.01041667,228,4.171,,,,,
18.02083333,227,4.165,,,,,
18.03125,228,4.156,,,,,
18.04166667,228,4.159,,,,,
18.05208333,228,4.155,,,,,
18.0625,228,4.17,,,,,
18.07291667,228,4.169,,,,,
18.08333333,228,4.169,,,,,
18.09375,229,4.162,,,,,
18.10416667,228,4.162,,,,,
18.11458333,229,4.174,,,,,
18.125,229,4.178,,,,,
18.13541667,228,4.18,,,,,
18.14583333,230,4.169,,,,,
18.15625,229,4.173,,,,,
18.16666667,230,4.175,,,,,
18.17708333,229,4.179,,,,,
18.1875,229,4.169,,,,,
18.19791667,230,4.185,,,,,
18.20833333,230,4.171,,,,,
18.21875,230,4.184,,,,,
18.22916667,230,4.166,,,,,
18.23958333,229,4.167,,,,,
18.25,229,4.176,,,,,
18.26041667,230,4.176,,,,,
18.27083333,229,4.178,,,,,
18.28125,230,4.173,,,,,
18.29166667,230,4.167,,,,,
18.30208333,230,4.181,,,,,
18.3125,229,4.18,,,,,
18.32291667,230,4.175,,,,,
18.33333333,229,4.175,,,,,
18.34375,229,4.171,,,,,
18.35416667,229,4.169,,,,,
18.36458333,230,4.16,,,,,
18.375,229,4.169,,,,,
18.38541667,230,4.159,,,,,
18.39583333,229,4.173,,,,,
18.40625,230,4.183,,,,,
18.41666667,230,4.179,,,,,
18.42708333,230,4.174,,,,,
18.4375,229,4.164,,,,,
18.44791667,229,4.182,,,,,
18.45833333,229,4.169,,,,,
18.46875,229,4.183,,,,,
18.47916667,230,4.181,,,,,
18.48958333,230,4.167,,,,,
18.5,229,4.162,,,,,
18.51041667,229,4.171,,,,,
18.52083333,230,4.172,,,,,
18.53125,229,4.165,,,,,
18.54166667,230,4.184,,,,,
18.55208333,230,4.175,,,,,
18.5625,230,4.17,,,,,
18.57291667,230,4.167,,,,,
18.58333333,230,4.181,,,,,
18.59375,230,4.183,,,,,
18.60416667,230,4.164,,,,,
18.61458333,229,4.173,,,,,
18.625,230,4.168,,,,,
18.63541667,230,4.173,,,,,
18.64583333,230,4.186,,,,,
18.65625,229,4.177,,,,,
18.66666667,229,4.196,,,,,
18.67708333,229,4.201,,,,,
18.6875,229,4.205,,,,,
18.69791667,229,4.192,,,,,
18.70833333,229,4.209,,,,,
18.71875,229,4.216,,,,,
18.72916667,231,4.231,,,,,
18.73958333,230,4.232,,,,,
18.75,230,4.215,,,,,
18.76041667,230,4.226,,,,,
18.77083333,230,4.228,,,,,
18.78125,231,4.233,,,,,
18.79166667,231,4.223,,,,,
18.80208333,230,4.221,,,,,
18.8125,231,4.228,,,,,
18.82291667,233,4.199,,,,,
18.83333333,233,4.195,,,,,
18.84375,232,4.202,,,,,
18.85416667,232,4.195,,,,,
18.86458333,232,4.196,,,,,
18.875,231,4.195,,,,,
18.88541667,232,4.189,,,,,
18.89583333,231,4.189,,,,,
18.90625,231,4.197,,,,,
18.91666667,232,4.199,,,,,
18.92708333,231,4.189,,,,,
18.9375,231,4.177,,,,,
18.94791667,231,4.196,,,,,
18.95833333,232,4.182,,,,,
18.96875,231,4.197,,,,,
18.97916667,231,4.177,,,,,
18.98958333,231,4.186,,,,,
19,230,4.193,,,,,
19.01041667,232,4.196,,,,,
19.02083333,231,4.198,,,,,
19.03125,232,4.199,,,,,
19.04166667,231,4.185,,,,,
19.05208333,232,4.193,,,,,
19.0625,232,4.189,,,,,
19.07291667,233,4.196,,,,,
19.08333333,233,4.182,,,,,
19.09375,233,4.196,,,,,
19.10416667,233,4.183,,,,,
19.11458333,233,4.193,,,,,
19.125,233,4.194,,,,,
19.13541667,233,4.191,,,,,
19.14583333,233,4.196,,,,,
19.15625,233,4.196,,,,,
19.16666667,233,4.202,,,,,
19.17708333,233,4.199,,,,,
19.1875,233,4.2,,,,,
19.19791667,233,4.201,,,,,
19.20833333,233,4.213,,,,,
19.21875,234,4.206,,,,,
19.22916667,234,4.207,,,,,
19.23958333,234,4.202,,,,,
19.25,233,4.208,,,,,
19.26041667,234,4.198,,,,,
19.27083333,234,4.192,,,,,
19.28125,235,4.201,,,,,
19.29166667,234,4.209,,,,,
19.30208333,235,4.208,,,,,
19.3125,236,4.208,,,,,
19.32291667,236,4.223,,,,,
19.33333333,236,4.232,,,,,
19.34375,236,4.232,,,,,
19.35416667,237,4.232,,,,,
19.36458333,236,4.216,,,,,
19.375,237,4.23,,,,,
19.38541667,237,4.23,,,,,
19.39583333,238,4.234,,,,,
19.40625,238,4.226,,,,,
19.41666667,240,4.249,,,,,
19.42708333,242,4.255,,,,,
19.4375,243,4.258,,,,,
19.44791667,242,4.294,,,,,
19.45833333,243,4.295,,,,,
19.46875,243,4.304,,,,,
19.47916667,245,4.313,,,,,
19.48958333,245,4.333,,,,,
19.5,245,4.316,,,,,
19.51041667,245,4.324,,,,,
19.52083333,245,4.311,,,,,
19.53125,245,4.33,,,,,
19.54166667,244,4.34,,,,,
19.55208333,245,4.334,,,,,
19.5625,245,4.322,,,,,
19.57291667,245,4.32,,,,,
19.58333333,244,4.328,,,,,
19.59375,244,4.331,,,,,
19.60416667,245,4.34,,,,,
19.61458333,245,4.337,,,,,
19.625,246,4.338,,,,,
19.63541667,247,4.35,,,,,
19.64583333,246,4.344,,,,,
19.65625,246,4.349,,,,,
19.66666667,247,4.355,,,,,
19.67708333,246,4.36,,,,,
19.6875,247,4.354,,,,,
19.69791667,246,4.357,,,,,
19.70833333,247,4.345,,,,,
19.71875,248,4.362,,,,,
19.72916667,247,4.348,,,,,
19.73958333,248,4.366,,,,,
19.75,248,4.364,,,,,
19.76041667,248,4.364,,,,,
19.77083333,248,4.377,,,,,
19.78125,248,4.362,,,,,
19.79166667,249,4.375,,,,,
19.80208333,248,4.367,,,,,
19.8125,248,4.373,,,,,
19.82291667,249,4.38,,,,,
19.83333333,249,4.373,,,,,
19.84375,250,4.383,,,,,
19.85416667,250,4.378,,,,,
19.86458333,250,4.379,,,,,
19.875,250,4.393,,,,,
19.88541667,251,4.392,,,,,
19.89583333,250,4.383,,,,,
19.90625,251,4.379,,,,,
19.91666667,250,4.393,,,,,
19.92708333,252,4.395,,,,,
19.9375,252,4.401,,,,,
19.94791667,252,4.406,,,,,
19.95833333,253,4.396,,,,,
19.96875,252,4.405,,,,,
19.97916667,252,4.39,,,,,
19.98958333,253,4.398,,,,,
20,253,4.403,,,,,
20.01041667,254,4.397,,,,,
20.02083333,255,4.408,,,,,
20.03125,257,4.427,,,,,
20.04166667,259,4.455,,,,,
20.05208333,260,4.464,,,,,
20.0625,262,4.451,,,,,
20.07291667,262,4.46,,,,,
20.08333333,263,4.477,,,,,
20.09375,263,4.472,,,,,
20.10416667,262,4.478,,,,,
20.11458333,263,4.474,,,,,
20.125,262,4.486,,,,,
20.13541667,261,4.482,,,,,
20.14583333,261,4.468,,,,,
20.15625,261,4.488,,,,,
20.16666667,260,4.494,,,,,
20.17708333,261,4.474,,,,,
20.1875,259,4.476,,,,,
20.19791667,260,4.471,,,,,
20.20833333,259,4.463,,,,,
20.21875,260,4.46,,,,,
20.22916667,259,4.458,,,,,
20.23958333,260,4.478,,,,,
20.25,260,4.46,,,,,
20.26041667,259,4.466,,,,,
20.27083333,259,4.466,,,,,
20.28125,261,4.47,,,,,
20.29166667,260,4.466,,,,,
20.30208333,260,4.48,,,,,
20.3125,261,4.481,,,,,
20.32291667,262,4.488,,,,,
20.33333333,262,4.497,,,,,
20.34375,263,4.505,,,,,
20.35416667,263,4.489,,,,,
20.36458333,264,4.51,,,,,
20.375,264,4.503,,,,,
20.38541667,265,4.502,,,,,
20.39583333,265,4.517,,,,,
20.40625,266,4.518,,,,,
20.41666667,266,4.523,,,,,
20.42708333,266,4.528,,,,,
20.4375,266,4.538,,,,,
20.44791667,267,4.527,,,,,
20.45833333,267,4.532,,,,,
20.46875,268,4.541,,,,,
20.47916667,268,4.536,,,,,
20.48958333,270,4.539,,,,,
20.5,268,4.541,,,,,
20.51041667,270,4.536,,,,,
20.52083333,270,4.55,,,,,
20.53125,271,4.541,,,,,
20.54166667,271,4.552,,,,,
20.55208333,272,4.552,,,,,
20.5625,272,4.561,,,,,
20.57291667,273,4.564,,,,,
20.58333333,273,4.555,,,,,
20.59375,271,4.572,,,,,
20.60416667,273,4.578,,,,,
20.61458333,274,4.558,,,,,
20.625,275,4.583,,,,,
20.63541667,274,4.587,,,,,
20.64583333,274,4.578,,,,,
20.65625,274,4.582,,,,,
20.66666667,275,4.588,,,,,
20.67708333,276,4.582,,,,,
20.6875,275,4.59,,,,,
20.69791667,275,4.582,,,,,
20.70833333,276,4.598,,,,,
20.71875,276,4.595,,,,,
20.72916667,277,4.584,,,,,
20.73958333,276,4.597,,,,,
20.75,276,4.609,,,,,
20.76041667,277,4.605,,,,,
20.77083333,278,4.601,,,,,
20.78125,278,4.626,,,,,
20.79166667,277,4.607,,,,,
20.80208333,278,4.614,,,,,
20.8125,278,4.599,,,,,
20.82291667,278,4.611,,,,,
20.83333333,277,4.603,,,,,
20.84375,280,4.623,,,,,
20.85416667,279,4.623,,,,,
20.86458333,280,4.626,,,,,
20.875,278,4.621,,,,,
20.88541667,280,4.619,,,,,
20.89583333,280,4.623,,,,,
20.90625,280,4.617,,,,,
20.91666667,281,4.636,,,,,
20.92708333,280,4.622,,,,,
20.9375,280,4.629,,,,,
20.94791667,280,4.627,,,,,
20.95833333,280,4.626,,,,,
20.96875,280,4.645,,,,,
20.97916667,279,4.619,,,,,
20.98958333,282,4.622,,,,,
21,281,4.639,,,,,
21.01041667,281,4.63,,,,,
21.02083333,281,4.638,,,,,
21.03125,281,4.624,,,,,
21.04166667,282,4.628,,,,,
21.05208333,282,4.64,,,,,
21.0625,282,4.641,,,,,
21.07291667,281,4.644,,,,,
21.08333333,282,4.642,,,,,
21.09375,282,4.64,,,,,
21.10416667,282,4.651,,,,,
21.11458333,283,4.648,,,,,
21.125,283,4.665,,,,,
21.13541667,285,4.669,,,,,
21.14583333,286,4.675,,,,,
21.15625,289,4.674,,,,,
21.16666667,290,4.69,,,,,
21.17708333,290,4.701,,,,,
21.1875,291,4.705,,,,,
21.19791667,290,4.702,,,,,
21.20833333,290,4.712,,,,,
21.21875,291,4.702,,,,,
21.22916667,289,4.709,,,,,
21.23958333,289,4.714,,,,,
21.25,289,4.728,,,,,
21.26041667,289,4.707,,,,,
21.27083333,288,4.714,,,,,
21.28125,288,4.698,,,,,
21.29166667,289,4.706,,,,,
21.30208333,287,4.704,,,,,
21.3125,287,4.695,,,,,
21.32291667,289,4.691,,,,,
21.33333333,287,4.712,,,,,
21.34375,288,4.711,,,,,
21.35416667,287,4.713,,,,,
21.36458333,288,4.706,,,,,
21.375,288,4.695,,,,,
21.38541667,287,4.701,,,,,
21.39583333,288,4.687,,,,,
21.40625,287,4.684,,,,,
21.41666667,288,4.694,,,,,
21.42708333,287,4.708,,,,,
21.4375,288,4.7,,,,,
21.44791667,288,4.69,,,,,
21.45833333,287,4.685,,,,,
21.46875,286,4.712,,,,,
21.47916667,287,4.696,,,,,
21.48958333,288,4.721,,,,,
21.5,289,4.7,,,,,
21.51041667,290,4.723,,,,,
21.52083333,289,4.722,,,,,
21.53125,289,4.71,,,,,
21.54166667,290,4.718,,,,,
21.55208333,290,4.715,,,,,
21.5625,290,4.719,,,,,
21.57291667,289,4.7,,,,,
21.58333333,289,4.714,,,,,
21.59375,289,4.699,,,,,
21.60416667,290,4.719,,,,,
21.61458333,289,4.735,,,,,
21.625,290,4.718,,,,,
21.63541667,289,4.73,,,,,
21.64583333,290,4.716,,,,,
21.65625,290,4.726,,,,,
21.66666667,290,4.732,,,,,
21.67708333,289,4.723,,,,,
21.6875,290,4.727,,,,,
21.69791667,290,4.737,,,,,
21.70833333,290,4.73,,,,,
21.71875,290,4.723,,,,,
21.72916667,291,4.702,,,,,
21.73958333,290,4.733,,,,,
21.75,291,4.725,,,,,
21.76041667,290,4.728,,,,,
21.77083333,291,4.726,,,,,
21.78125,291,4.706,,,,,
21.79166667,291,4.722,,,,,
21.80208333,289,4.744,,,,,
21.8125,292,4.724,,,,,
21.82291667,290,4.733,,,,,
21.83333333,292,4.722,,,,,
21.84375,291,4.721,,,,,
21.85416667,292,4.732,,,,,
21.86458333,292,4.732,,,,,
21.875,292,4.74,,,,,
21.88541667,292,4.741,,,,,
21.89583333,293,4.722,,,,,
21.90625,292,4.744,,,,,
21.91666667,292,4.729,,,,,
21.92708333,292,4.734,,,,,
21.9375,293,4.736,,,,,
21.94791667,293,4.747,,,,,
21.95833333,297,4.773,,,,,
21.96875,299,4.765,,,,,
21.97916667,300,4.79,,,,,
21.98958333,302,4.805,,,,,
22,301,4.797,,,,,
22.01041667,303,4.826,,,,,
22.02083333,303,4.807,,,,,
22.03125,302,4.826,,,,,
22.04166667,302,4.831,,,,,
22.05208333,303,4.817,,,,,
22.0625,301,4.819,,,,,
22.07291667,303,4.818,,,,,
22.08333333,301,4.824,,,,,
22.09375,302,4.815,,,,,
22.10416667,301,4.814,,,,,
22.11458333,300,4.828,,,,,
22.125,300,4.821,,,,,
22.13541667,300,4.814,,,,,
22.14583333,300,4.815,,,,,
22.15625,300,4.816,,,,,
22.16666667,300,4.819,,,,,
22.17708333,301,4.82,,,,,
22.1875,299,4.826,,,,,
22.19791667,300,4.805,,,,,
22.20833333,301,4.832,,,,,
22.21875,301,4.817,,,,,
22.22916667,302,4.799,,,,,
22.23958333,301,4.818,,,,,
22.25,302,4.822,,,,,
22.26041667,302,4.827,,,,,
22.27083333,302,4.811,,,,,
22.28125,302,4.818,,,,,
22.29166667,302,4.813,,,,,
22.30208333,301,4.826,,,,,
22.3125,303,4.831,,,,,
22.32291667,303,4.826,,,,,
22.33333333,303,4.844,,,,,
22.34375,302,4.837,,,,,
22.35416667,303,4.831,,,,,
22.36458333,305,4.847,,,,,
22.375,302,4.856,,,,,
22.38541667,304,4.845,,,,,
22.39583333,305,4.854,,,,,
22.40625,304,4.873,,,,,
22.41666667,304,4.867,,,,,
22.42708333,305,4.862,,,,,
22.4375,305,4.859,,,,,
22.44791667,306,4.894,,,,,
22.45833333,305,4.898,,,,,
22.46875,307,4.866,,,,,
22.47916667,306,4.874,,,,,
22.48958333,307,4.88,,,,,
22.5,307,4.909,,,,,
22.51041667,308,4.902,,,,,
22.52083333,308,4.907,,,,,
22.53125,309,4.908,,,,,
22.54166667,309,4.91,,,,,
22.55208333,309,4.91,,,,,
22.5625,308,4.918,,,,,
22.57291667,310,4.922,,,,,
22.58333333,310,4.924,,,,,
22.59375,311,4.922,,,,,
22.60416667,314,4.915,,,,,
22.61458333,313,4.916,,,,,
22.625,312,4.926,,,,,
22.63541667,314,4.935,,,,,
22.64583333,314,4.9,,,,,
22.65625,314,4.921,,,,,
22.66666667,314,4.935,,,,,
22.67708333,316,4.923,,,,,
22.6875,313,4.922,,,,,
22.69791667,312,4.945,,,,,
22.70833333,314,4.947,,,,,
22.71875,313,4.957,,,,,
22.72916667,314,4.958,,,,,
22.73958333,318,4.953,,,,,
22.75,318,4.961,,,,,
22.76041667,319,4.986,,,,,
22.77083333,319,4.976,,,,,
22.78125,320,4.974,,,,,
22.79166667,320,4.981,,,,,
22.80208333,322,4.995,,,,,
22.8125,322,5.01,,,,,
22.82291667,322,4.993,,,,,
22.83333333,323,5.006,,,,,
22.84375,324,5.012,,,,,
22.85416667,324,5,,,,,
22.86458333,323,5.014,,,,,
22.875,324,4.995,,,,,
22.88541667,324,5.005,,,,,
22.89583333,323,5.016,,,,,
22.90625,324,5.012,,,,,
22.91666667,324,5.009,,,,,
22.92708333,326,5.008,,,,,
22.9375,324,4.992,,,,,
22.94791667,326,5.018,,,,,
22.95833333,324,4.999,,,,,
22.96875,324,5.01,,,,,
22.97916667,324,5.012,,,,,
22.98958333,326,5.013,,,,,
23,324,5.021,,,,,
23.01041667,325,5.043,,,,,
23.02083333,324,5.013,,,,,
23.03125,325,5.019,,,,,
23.04166667,325,5.008,,,,,
23.05208333,326,5.031,,,,,
23.0625,326,5.01,,,,,
23.07291667,325,5.045,,,,,
23.08333333,327,5.025,,,,,
23.09375,327,5.038,,,,,
23.10416667,327,5.032,,,,,
23.11458333,327,5.061,,,,,
23.125,327,5.015,,,,,
23.13541667,328,5.023,,,,,
23.14583333,327,5.026,,,,,
23.15625,328,5.062,,,,,
23.16666667,328,5.041,,,,,
23.17708333,328,5.049,,,,,
23.1875,328,5.043,,,,,
23.19791667,329,5.036,,,,,
23.20833333,328,5.04,,,,,
23.21875,328,5.064,,,,,
23.22916667,329,5.056,,,,,
23.23958333,330,5.075,,,,,
23.25,328,5.051,,,,,
23.26041667,330,5.051,,,,,
23.27083333,331,5.063,,,,,
23.28125,330,5.067,,,,,
23.29166667,331,5.065,,,,,
23.30208333,329,5.054,,,,,
23.3125,330,5.053,,,,,
23.32291667,330,5.084,,,,,
23.33333333,331,5.081,,,,,
23.34375,330,5.045,,,,,
23.35416667,330,5.073,,,,,
23.36458333,331,5.078,,,,,
23.375,331,5.051,,,,,
23.38541667,332,5.063,,,,,
23.39583333,331,5.09,,,,,
23.40625,327,5.116,,,,,
23.41666667,329,5.095,,,,,
23.42708333,330,5.084,,,,,
23.4375,329,5.092,,,,,
23.44791667,329,5.103,,,,,
23.45833333,329,5.116,,,,,
23.46875,331,5.116,,,,,
23.47916667,333,5.114,,,,,
23.48958333,332,5.109,,,,,
23.5,332,5.122,,,,,
23.51041667,331,5.129,,,,,
23.52083333,333,5.128,,,,,
23.53125,334,5.137,,,,,
23.54166667,333,5.124,,,,,
23.55208333,333,5.113,,,,,
23.5625,332,5.145,,,,,
23.57291667,334,5.16,,,,,
23.58333333,334,5.138,,,,,
23.59375,335,5.146,,,,,
23.60416667,334,5.162,,,,,
23.61458333,337,5.128,,,,,
23.625,336,5.178,,,,,
23.63541667,338,5.18,,,,,
23.64583333,337,5.152,,,,,
23.65625,336,5.16,,,,,
23.66666667,337,5.159,,,,,
23.67708333,338,5.15,,,,,
23.6875,338,5.185,,,,,
23.69791667,336,5.163,,,,,
23.70833333,339,5.173,,,,,
23.71875,339,5.199,,,,,
23.72916667,338,5.184,,,,,
23.73958333,339,5.16,,,,,
23.75,337,5.179,,,,,
23.76041667,337,5.189,,,,,
23.77083333,338,5.202,,,,,
23.78125,338,5.194,,,,,
23.79166667,339,5.186,,,,,
23.80208333,337,5.199,,,,,
23.8125,337,5.172,,,,,
23.82291667,338,5.18,,,,,
23.83333333,339,5.189,,,,,
23.84375,338,5.206,,,,,
23.85416667,338,5.191,,,,,
23.86458333,337,5.171,,,,,
23.875,337,5.174,,,,,
23.88541667,338,5.2,,,,,
23.89583333,338,5.205,,,,,
23.90625,339,5.198,,,,,
23.91666667,338,5.198,,,,,
23.92708333,337,5.179,,,,,
23.9375,339,5.182,,,,,
23.94791667,337,5.19,,,,,
23.95833333,338,5.196,,,,,
23.96875,340,5.213,,,,,
23.97916667,340,5.191,,,,,
23.98958333,340,5.179,,,,,
24,339,5.202,,,,,
24.01041667,340,5.2,,,,,
24.02083333,338,5.203,,,,,
24.03125,339,5.217,,,,,
24.04166667,339,5.203,,,,,
24.05208333,339,5.183,,,,,
24.0625,340,5.204,,,,,
24.07291667,339,5.216,,,,,
24.08333333,339,5.222,,,,,
24.09375,338,5.181,,,,,
24.10416667,340,5.19,,,,,
24.11458333,340,5.193,,,,,
24.125,337,5.225,,,,,
24.13541667,339,5.183,,,,,
24.14583333,338,5.2,,,,,
24.15625,339,5.209,,,,,
24.16666667,337,5.2,,,,,
24.17708333,339,5.228,,,,,
24.1875,340,5.203,,,,,
24.19791667,339,5.219,,,,,
24.20833333,338,5.205,,,,,
24.21875,339,5.222,,,,,
24.22916667,338,5.227,,,,,
24.23958333,339,5.23,,,,,
24.25,341,5.209,,,,,
24.26041667,338,5.226,,,,,
24.27083333,339,5.227,,,,,
24.28125,340,5.225,,,,,
24.29166667,339,5.216,,,,,
24.30208333,339,5.254,,,,,
24.3125,339,5.25,,,,,
24.32291667,340,5.212,,,,,
24.33333333,341,5.224,,,,,
24.34375,339,5.256,,,,,
24.35416667,339,5.245,,,,,
24.36458333,338,5.217,,,,,
24.375,340,5.223,,,,,
24.38541667,340,5.232,,,,,
24.39583333,340,5.242,,,,,
24.40625,340,5.213,,,,,
24.41666667,341,5.235,,,,,
24.42708333,341,5.248,,,,,
24.4375,342,5.24,,,,,
24.44791667,342,5.251,,,,,
24.45833333,341,5.258,,,,,
24.46875,341,5.23,,,,,
24.47916667,340,5.238,,,,,
24.48958333,342,5.233,,,,,
24.5,341,5.276,,,,,
24.51041667,341,5.246,,,,,
24.52083333,341,5.253,,,,,
24.53125,342,5.265,,,,,
24.54166667,341,5.252,,,,,
24.55208333,342,5.263,,,,,
24.5625,343,5.278,,,,,
24.57291667,343,5.281,,,,,
24.58333333,343,5.251,,,,,
24.59375,343,5.265,,,,,
24.60416667,342,5.269,,,,,
24.61458333,342,5.294,,,,,
24.625,343,5.277,,,,,
24.63541667,342,5.249,,,,,
24.64583333,342,5.286,,,,,
24.65625,343,5.305,,,,,
24.66666667,344,5.285,,,,,
24.67708333,344,5.278,,,,,
24.6875,343,5.287,,,,,
24.69791667,344,5.291,,,,,
24.70833333,344,5.304,,,,,
24.71875,344,5.299,,,,,
24.72916667,344,5.274,,,,,
24.73958333,343,5.321,,,,,
24.75,346,5.28,,,,,
24.76041667,344,5.298,,,,,
24.77083333,345,5.321,,,,,
24.78125,346,5.326,,,,,
24.79166667,347,5.299,,,,,
24.80208333,346,5.298,,,,,
24.8125,345,5.311,,,,,
24.82291667,347,5.293,,,,,
24.83333333,347,5.317,,,,,
24.84375,346,5.299,,,,,
24.85416667,345,5.332,,,,,
24.86458333,346,5.319,,,,,
24.875,346,5.328,,,,,
24.88541667,348,5.335,,,,,
24.89583333,346,5.334,,,,,
24.90625,346,5.327,,,,,
24.91666667,346,5.322,,,,,
24.92708333,346,5.354,,,,,
24.9375,347,5.329,,,,,
24.94791667,347,5.337,,,,,
24.95833333,348,5.351,,,,,
24.96875,347,5.32,,,,,
24.97916667,346,5.317,,,,,
24.98958333,348,5.32,,,,,
25,347,5.353,,,,,
25.01041667,348,5.33,,,,,
25.02083333,348,5.343,,,,,
25.03125,348,5.344,,,,,
25.04166667,349,5.371,,,,,
25.05208333,348,5.379,,,,,
25.0625,348,5.378,,,,,
25.07291667,347,5.361,,,,,
25.08333333,349,5.385,,,,,
25.09375,350,5.384,,,,,
25.10416667,350,5.373,,,,,
25.11458333,349,5.39,,,,,
25.125,351,5.369,,,,,
25.13541667,349,5.358,,,,,
25.14583333,348,5.376,,,,,
25.15625,349,5.375,,,,,
25.16666667,351,5.388,,,,,
25.17708333,349,5.371,,,,,
25.1875,349,5.415,,,,,
25.19791667,349,5.384,,,,,
25.20833333,350,5.388,,,,,
25.21875,350,5.388,,,,,
25.22916667,349,5.414,,,,,
25.23958333,349,5.397,,,,,
25.25,351,5.385,,,,,
25.26041667,348,5.42,,,,,
25.27083333,349,5.409,,,,,
25.28125,348,5.418,,,,,
25.29166667,347,5.398,,,,,
25.30208333,348,5.44,,,,,
25.3125,349,5.409,,,,,
25.32291667,347,5.431,,,,,
25.33333333,349,5.414,,,,,
25.34375,349,5.419,,,,,
25.35416667,347,5.444,,,,,
25.36458333,348,5.415,,,,,
25.375,347,5.437,,,,,
25.38541667,347,5.453,,,,,
25.39583333,348,5.45,,,,,
25.40625,347,5.449,,,,,
25.41666667,347,5.441,,,,,
25.42708333,347,5.433,,,,,
25.4375,346,5.452,,,,,
25.44791667,346,5.437,,,,,
25.45833333,348,5.453,,,,,
25.46875,346,5.445,,,,,
25.47916667,347,5.471,,,,,
25.48958333,346,5.446,,,,,
25.5,346,5.482,,,,,
25.51041667,346,5.436,,,,,
25.52083333,347,5.469,,,,,
25.53125,348,5.472,,,,,
25.54166667,346,5.475,,,,,
25.55208333,348,5.465,,,,,
25.5625,346,5.487,,,,,
25.57291667,347,5.461,,,,,
25.58333333,345,5.493,,,,,
25.59375,348,5.473,,,,,
25.60416667,350,5.479,,,,,
25.61458333,349,5.47,,,,,
25.625,348,5.482,,,,,
25.63541667,351,5.496,,,,,
25.64583333,349,5.47,,,,,
25.65625,349,5.499,,,,,
25.66666667,349,5.479,,,,,
25.67708333,350,5.478,,,,,
25.6875,349,5.488,,,,,
25.69791667,349,5.497,,,,,
25.70833333,347,5.464,,,,,
25.71875,348,5.469,,,,,
25.72916667,350,5.488,,,,,
25.73958333,348,5.507,,,,,
25.75,351,5.489,,,,,
25.76041667,351,5.501,,,,,
25.77083333,346,5.504,,,,,
25.78125,346,5.478,,,,,
25.79166667,347,5.472,,,,,
25.80208333,346,5.467,,,,,
25.8125,346,5.474,,,,,
25.82291667,346,5.478,,,,,
25.83333333,346,5.475,,,,,
25.84375,347,5.499,,,,,
25.85416667,346,5.467,,,,,
25.86458333,348,5.473,,,,,
25.875,348,5.483,,,,,
25.88541667,347,5.475,,,,,
25.89583333,348,5.481,,,,,
25.90625,348,5.469,,,,,
25.91666667,348,5.499,,,,,
25.92708333,350,5.479,,,,,
25.9375,349,5.481,,,,,
25.94791667,350,5.515,,,,,
25.95833333,349,5.479,,,,,
25.96875,346,5.48,,,,,
25.97916667,350,5.504,,,,,
25.98958333,350,5.498,,,,,
26,350,5.478,,,,,
26.01041667,350,5.488,,,,,
26.02083333,349,5.524,,,,,
26.03125,351,5.493,,,,,
26.04166667,351,5.502,,,,,
26.05208333,349,5.504,,,,,
26.0625,349,5.494,,,,,
26.07291667,351,5.509,,,,,
26.08333333,349,5.496,,,,,
26.09375,349,5.503,,,,,
26.10416667,350,5.534,,,,,
26.11458333,350,5.493,,,,,
26.125,350,5.514,,,,,
26.13541667,351,5.514,,,,,
26.14583333,351,5.538,,,,,
26.15625,352,5.493,,,,,
26.16666667,350,5.528,,,,,
26.17708333,352,5.534,,,,,
26.1875,351,5.501,,,,,
26.19791667,350,5.517,,,,,
26.20833333,350,5.507,,,,,
26.21875,349,5.54,,,,,
26.22916667,351,5.524,,,,,
26.23958333,348,5.538,,,,,
26.25,351,5.542,,,,,
26.26041667,350,5.52,,,,,
26.27083333,350,5.551,,,,,
26.28125,350,5.523,,,,,
26.29166667,350,5.527,,,,,
26.30208333,350,5.537,,,,,
26.3125,349,5.526,,,,,
26.32291667,349,5.531,,,,,
26.33333333,351,5.512,,,,,
26.34375,349,5.524,,,,,
26.35416667,350,5.539,,,,,
26.36458333,350,5.549,,,,,
26.375,349,5.524,,,,,
26.38541667,352,5.546,,,,,
26.39583333,350,5.554,,,,,
26.40625,350,5.523,,,,,
26.41666667,350,5.519,,,,,
26.42708333,352,5.525,,,,,
26.4375,350,5.524,,,,,
26.44791667,350,5.557,,,,,
26.45833333,350,5.551,,,,,
26.46875,352,5.538,,,,,
26.47916667,350,5.562,,,,,
26.48958333,351,5.518,,,,,
26.5,350,5.517,,,,,
26.51041667,348,5.53,,,,,
26.52083333,351,5.545,,,,,
26.53125,350,5.557,,,,,
26.54166667,351,5.563,,,,,
26.55208333,350,5.542,,,,,
26.5625,350,5.548,,,,,
26.57291667,349,5.543,,,,,
26.58333333,349,5.544,,,,,
26.59375,349,5.547,,,,,
26.60416667,351,5.545,,,,,
26.61458333,349,5.537,,,,,
26.625,350,5.553,,,,,
26.63541667,350,5.56,,,,,
26.64583333,349,5.535,,,,,
26.65625,350,5.556,,,,,
26.66666667,351,5.56,,,,,
26.67708333,349,5.544,,,,,
26.6875,351,5.528,,,,,
26.69791667,350,5.527,,,,,
26.70833333,350,5.549,,,,,
26.71875,350,5.556,,,,,
26.72916667,349,5.532,,,,,
26.73958333,349,5.551,,,,,
26.75,351,5.539,,,,,
26.76041667,350,5.559,,,,,
26.77083333,350,5.559,,,,,
26.78125,351,5.554,,,,,
26.79166667,351,5.558,,,,,
26.80208333,351,5.547,,,,,
26.8125,349,5.56,,,,,
26.82291667,349,5.565,,,,,
26.83333333,348,5.546,,,,,
26.84375,350,5.53,,,,,
26.85416667,351,5.539,,,,,
26.86458333,349,5.551,,,,,
26.875,349,5.556,,,,,
26.88541667,350,5.539,,,,,
26.89583333,349,5.53,,,,,
26.90625,351,5.537,,,,,
26.91666667,349,5.564,,,,,
26.92708333,351,5.543,,,,,
26.9375,350,5.54,,,,,
26.94791667,350,5.547,,,,,
26.95833333,350,5.553,,,,,
26.96875,350,5.548,,,,,
26.97916667,351,5.542,,,,,
26.98958333,351,5.545,,,,,
27,350,5.54,,,,,
27.01041667,350,5.549,,,,,
27.02083333,349,5.538,,,,,
27.03125,352,5.553,,,,,
27.04166667,349,5.573,,,,,
27.05208333,350,5.572,,,,,
27.0625,350,5.57,,,,,
27.07291667,351,5.54,,,,,
27.08333333,349,5.528,,,,,
27.09375,349,5.575,,,,,
27.10416667,349,5.567,,,,,
27.11458333,350,5.544,,,,,
27.125,350,5.576,,,,,
27.13541667,350,5.548,,,,,
27.14583333,349,5.544,,,,,
27.15625,347,5.564,,,,,
27.16666667,348,5.548,,,,,
27.17708333,349,5.571,,,,,
27.1875,348,5.53,,,,,
27.19791667,347,5.571,,,,,
27.20833333,346,5.542,,,,,
27.21875,345,5.549,,,,,
27.22916667,346,5.532,,,,,
27.23958333,346,5.552,,,,,
27.25,344,5.542,,,,,
27.26041667,347,5.536,,,,,
27.27083333,345,5.533,,,,,
27.28125,347,5.565,,,,,
27.29166667,345,5.543,,,,,
27.30208333,345,5.549,,,,,
27.3125,346,5.532,,,,,
27.32291667,346,5.547,,,,,
27.33333333,344,5.541,,,,,
27.34375,346,5.564,,,,,
27.35416667,346,5.533,,,,,
27.36458333,345,5.566,,,,,
27.375,345,5.543,,,,,
27.38541667,345,5.524,,,,,
27.39583333,344,5.536,,,,,
27.40625,347,5.541,,,,,
27.41666667,346,5.557,,,,,
27.42708333,347,5.55,,,,,
27.4375,345,5.523,,,,,
27.44791667,346,5.518,,,,,
27.45833333,344,5.546,,,,,
27.46875,347,5.517,,,,,
27.47916667,344,5.557,,,,,
27.48958333,345,5.562,,,,,
27.5,347,5.534,,,,,
27.51041667,346,5.527,,,,,
27.52083333,345,5.536,,,,,
27.53125,346,5.54,,,,,
27.54166667,345,5.555,,,,,
27.55208333,344,5.542,,,,,
27.5625,344,5.528,,,,,
27.57291667,346,5.52,,,,,
27.58333333,345,5.538,,,,,
27.59375,345,5.513,,,,,
27.60416667,345,5.555,,,,,
27.61458333,346,5.525,,,,,
27.625,345,5.557,,,,,
27.63541667,346,5.543,,,,,
27.64583333,345,5.542,,,,,
27.65625,346,5.546,,,,,
27.66666667,346,5.532,,,,,
27.67708333,346,5.529,,,,,
27.6875,347,5.54,,,,,
27.69791667,345,5.546,,,,,
27.70833333,348,5.53,,,,,
27.71875,348,5.521,,,,,
27.72916667,350,5.53,,,,,
27.73958333,347,5.512,,,,,
27.75,346,5.543,,,,,
27.76041667,348,5.537,,,,,
27.77083333,347,5.515,,,,,
27.78125,348,5.546,,,,,
27.79166667,347,5.545,,,,,
27.80208333,348,5.547,,,,,
27.8125,348,5.543,,,,,
27.82291667,345,5.535,,,,,
27.83333333,347,5.518,,,,,
27.84375,346,5.503,,,,,
27.85416667,348,5.538,,,,,
27.86458333,345,5.525,,,,,
27.875,347,5.54,,,,,
27.88541667,347,5.553,,,,,
27.89583333,346,5.524,,,,,
27.90625,347,5.505,,,,,
27.91666667,347,5.509,,,,,
27.92708333,345,5.537,,,,,
27.9375,345,5.532,,,,,
27.94791667,347,5.509,,,,,
27.95833333,346,5.511,,,,,
27.96875,347,5.516,,,,,
27.97916667,346,5.511,,,,,
27.98958333,346,5.505,,,,,
28,344,5.516,,,,,
28.01041667,346,5.503,,,,,
28.02083333,344,5.522,,,,,
28.03125,346,5.501,,,,,
28.04166667,347,5.507,,,,,
28.05208333,347,5.529,,,,,
28.0625,347,5.485,,,,,
28.07291667,348,5.498,,,,,
28.08333333,346,5.518,,,,,
28.09375,346,5.485,,,,,
28.10416667,345,5.504,,,,,
28.11458333,346,5.522,,,,,
28.125,346,5.491,,,,,
28.13541667,346,5.492,,,,,
28.14583333,347,5.526,,,,,
28.15625,344,5.493,,,,,
28.16666667,345,5.484,,,,,
28.17708333,345,5.488,,,,,
28.1875,344,5.5,,,,,
28.19791667,345,5.51,,,,,
28.20833333,345,5.48,,,,,
28.21875,346,5.484,,,,,
28.22916667,344,5.501,,,,,
28.23958333,344,5.514,,,,,
28.25,346,5.468,,,,,
28.26041667,345,5.465,,,,,
28.27083333,344,5.496,,,,,
28.28125,345,5.482,,,,,
28.29166667,346,5.484,,,,,
28.30208333,345,5.477,,,,,
28.3125,344,5.507,,,,,
28.32291667,346,5.481,,,,,
28.33333333,345,5.487,,,,,
28.34375,346,5.48,,,,,
28.35416667,345,5.483,,,,,
28.36458333,344,5.468,,,,,
28.375,345,5.449,,,,,
28.38541667,344,5.439,,,,,
28.39583333,343,5.457,,,,,
28.40625,345,5.49,,,,,
28.41666667,344,5.444,,,,,
28.42708333,346,5.454,,,,,
28.4375,345,5.436,,,,,
28.44791667,343,5.47,,,,,
28.45833333,345,5.45,,,,,
28.46875,345,5.471,,,,,
28.47916667,344,5.465,,,,,
28.48958333,345,5.464,,,,,
28.5,344,5.442,,,,,
28.51041667,345,5.45,,,,,
28.52083333,344,5.456,,,,,
28.53125,344,5.442,,,,,
28.54166667,345,5.463,,,,,
28.55208333,345,5.421,,,,,
28.5625,343,5.428,,,,,
28.57291667,344,5.436,,,,,
28.58333333,344,5.418,,,,,
28.59375,343,5.435,,,,,
28.60416667,344,5.456,,,,,
28.61458333,343,5.444,,,,,
28.625,345,5.422,,,,,
28.63541667,344,5.428,,,,,
28.64583333,345,5.425,,,,,
28.65625,345,5.43,,,,,
28.66666667,343,5.416,,,,,
28.67708333,344,5.406,,,,,
28.6875,343,5.4,,,,,
28.69791667,344,5.398,,,,,
28.70833333,342,5.407,,,,,
28.71875,345,5.4,,,,,
28.72916667,342,5.381,,,,,
28.73958333,342,5.381,,,,,
28.75,344,5.376,,,,,
28.76041667,342,5.409,,,,,
28.77083333,343,5.408,,,,,
28.78125,343,5.414,,,,,
28.79166667,342,5.383,,,,,
28.80208333,343,5.408,,,,,
28.8125,343,5.384,,,,,
28.82291667,344,5.369,,,,,
28.83333333,342,5.381,,,,,
28.84375,342,5.388,,,,,
28.85416667,342,5.382,,,,,
28.86458333,340,5.362,,,,,
28.875,343,5.375,,,,,
28.88541667,343,5.392,,,,,
28.89583333,342,5.382,,,,,
28.90625,341,5.355,,,,,
28.91666667,343,5.357,,,,,
28.92708333,342,5.355,,,,,
28.9375,341,5.361,,,,,
28.94791667,343,5.39,,,,,
28.95833333,342,5.348,,,,,
28.96875,340,5.344,,,,,
28.97916667,342,5.335,,,,,
28.98958333,338,5.368,,,,,
29,338,5.353,,,,,
29.01041667,338,5.345,,,,,
29.02083333,338,5.361,,,,,
29.03125,338,5.351,,,,,
29.04166667,337,5.351,,,,,
29.05208333,337,5.339,,,,,
29.0625,338,5.355,,,,,
29.07291667,339,5.314,,,,,
29.08333333,339,5.346,,,,,
29.09375,340,5.326,,,,,
29.10416667,339,5.335,,,,,
29.11458333,339,5.315,,,,,
29.125,338,5.324,,,,,
29.13541667,339,5.344,,,,,
29.14583333,337,5.34,,,,,
29.15625,340,5.326,,,,,
29.16666667,341,5.305,,,,,
29.17708333,339,5.316,,,,,
29.1875,339,5.299,,,,,
29.19791667,339,5.311,,,,,
29.20833333,338,5.331,,,,,
29.21875,339,5.318,,,,,
29.22916667,336,5.312,,,,,
29.23958333,338,5.28,,,,,
29.25,338,5.312,,,,,
29.26041667,338,5.278,,,,,
29.27083333,338,5.285,,,,,
29.28125,336,5.298,,,,,
29.29166667,339,5.288,,,,,
29.30208333,337,5.268,,,,,
29.3125,336,5.268,,,,,
29.32291667,337,5.278,,,,,
29.33333333,337,5.287,,,,,
29.34375,339,5.273,,,,,
29.35416667,336,5.261,,,,,
29.36458333,336,5.274,,,,,
29.375,337,5.284,,,,,
29.38541667,336,5.264,,,,,
29.39583333,338,5.279,,,,,
29.40625,337,5.254,,,,,
29.41666667,337,5.252,,,,,
29.42708333,337,5.265,,,,,
29.4375,337,5.237,,,,,
29.44791667,337,5.256,,,,,
29.45833333,336,5.246,,,,,
29.46875,336,5.252,,,,,
29.47916667,334,5.253,,,,,
29.48958333,336,5.224,,,,,
29.5,335,5.216,,,,,
29.51041667,336,5.26,,,,,
29.52083333,334,5.236,,,,,
29.53125,336,5.241,,,,,
29.54166667,335,5.237,,,,,
29.55208333,335,5.231,,,,,
29.5625,334,5.206,,,,,
29.57291667,335,5.229,,,,,
29.58333333,334,5.205,,,,,
29.59375,334,5.217,,,,,
29.60416667,333,5.227,,,,,
29.61458333,334,5.202,,,,,
29.625,334,5.197,,,,,
29.63541667,334,5.184,,,,,
29.64583333,333,5.197,,,,,
29.65625,332,5.19,,,,,
29.66666667,333,5.223,,,,,
29.67708333,333,5.198,,,,,
29.6875,333,5.202,,,,,
29.69791667,334,5.219,,,,,
29.70833333,333,5.201,,,,,
29.71875,332,5.178,,,,,
29.72916667,332,5.191,,,,,
29.73958333,333,5.183,,,,,
29.75,332,5.153,,,,,
29.76041667,330,5.187,,,,,
29.77083333,331,5.187,,,,,
29.78125,332,5.153,,,,,
29.79166667,332,5.172,,,,,
29.80208333,330,5.186,,,,,
29.8125,331,5.153,,,,,
29.82291667,331,5.153,,,,,
29.83333333,331,5.154,,,,,
29.84375,331,5.163,,,,,
29.85416667,331,5.158,,,,,
29.86458333,331,5.156,,,,,
29.875,329,5.172,,,,,
29.88541667,329,5.164,,,,,
29.89583333,329,5.153,,,,,
29.90625,328,5.127,,,,,
29.91666667,328,5.125,,,,,
29.92708333,329,5.157,,,,,
29.9375,330,5.149,,,,,
29.94791667,328,5.123,,,,,
29.95833333,328,5.127,,,,,
29.96875,327,5.114,,,,,
29.97916667,328,5.147,,,,,
29.98958333,328,5.135,,,,,
30,327,5.117,,,,,
30.01041667,328,5.129,,,,,
30.02083333,327,5.093,,,,,
30.03125,326,5.101,,,,,
30.04166667,326,5.144,,,,,
30.05208333,326,5.125,,,,,
30.0625,326,5.098,,,,,
30.07291667,325,5.117,,,,,
30.08333333,325,5.1,,,,,
30.09375,325,5.108,,,,,
30.10416667,325,5.112,,,,,
30.11458333,325,5.093,,,,,
30.125,325,5.103,,,,,
30.13541667,324,5.103,,,,,
30.14583333,324,5.1,,,,,
30.15625,325,5.103,,,,,
30.16666667,323,5.108,,,,,
30.17708333,323,5.077,,,,,
30.1875,324,5.083,,,,,
30.19791667,323,5.078,,,,,
30.20833333,321,5.085,,,,,
30.21875,322,5.062,,,,,
30.22916667,322,5.086,,,,,
30.23958333,321,5.077,,,,,
30.25,321,5.057,,,,,
30.26041667,321,5.045,,,,,
30.27083333,320,5.081,,,,,
30.28125,319,5.042,,,,,
30.29166667,320,5.042,,,,,
30.30208333,319,5.065,,,,,
30.3125,319,5.061,,,,,
30.32291667,320,5.05,,,,,
30.33333333,318,5.048,,,,,
30.34375,320,5.053,,,,,
30.35416667,319,5.06,,,,,
30.36458333,319,5.043,,,,,
30.375,318,5.052,,,,,
30.38541667,318,5.014,,,,,
30.39583333,318,5.036,,,,,
30.40625,317,5.04,,,,,
30.41666667,317,5.032,,,,,
30.42708333,317,5.023,,,,,
30.4375,316,5.021,,,,,
30.44791667,316,5.017,,,,,
30.45833333,314,5.021,,,,,
30.46875,317,5.001,,,,,
30.47916667,314,5.008,,,,,
30.48958333,315,5.022,,,,,
30.5,314,5.009,,,,,
30.51041667,312,5.032,,,,,
30.52083333,314,4.996,,,,,
30.53125,313,5.002,,,,,
30.54166667,314,4.995,,,,,
30.55208333,313,5.002,,,,,
30.5625,313,4.998,,,,,
30.57291667,312,4.994,,,,,
30.58333333,313,4.994,,,,,
30.59375,312,4.962,,,,,
30.60416667,313,4.98,,,,,
30.61458333,312,4.981,,,,,
30.625,313,4.996,,,,,
30.63541667,313,4.979,,,,,
30.64583333,313,4.971,,,,,
30.65625,311,4.982,,,,,
30.66666667,312,4.962,,,,,
30.67708333,313,4.976,,,,,
30.6875,310,4.958,,,,,
30.69791667,311,4.966,,,,,
30.70833333,310,4.968,,,,,
30.71875,311,4.96,,,,,
30.72916667,310,4.947,,,,,
30.73958333,310,4.96,,,,,
30.75,310,4.939,,,,,
30.76041667,310,4.944,,,,,
30.77083333,309,4.933,,,,,
30.78125,309,4.944,,,,,
30.79166667,308,4.939,,,,,
30.80208333,309,4.94,,,,,
30.8125,309,4.921,,,,,
30.82291667,309,4.931,,,,,
30.83333333,309,4.917,,,,,
30.84375,307,4.93,,,,,
30.85416667,308,4.912,,,,,
30.86458333,307,4.914,,,,,
30.875,307,4.918,,,,,
30.88541667,306,4.903,,,,,
30.89583333,307,4.929,,,,,
30.90625,305,4.918,,,,,
30.91666667,306,4.897,,,,,
30.92708333,306,4.892,,,,,
30.9375,305,4.91,,,,,
30.94791667,305,4.891,,,,,
30.95833333,306,4.909,,,,,
30.96875,305,4.904,,,,,
30.97916667,306,4.875,,,,,
30.98958333,305,4.882,,,,,
31,305,4.897,,,,,
31.01041667,306,4.884,,,,,
31.02083333,305,4.88,,,,,
31.03125,303,4.881,,,,,
31.04166667,305,4.878,,,,,
31.05208333,304,4.886,,,,,
31.0625,303,4.87,,,,,
31.07291667,301,4.862,,,,,
31.08333333,300,4.877,,,,,
31.09375,301,4.873,,,,,
31.10416667,300,4.85,,,,,
31.11458333,300,4.859,,,,,
31.125,301,4.837,,,,,
31.13541667,300,4.861,,,,,
31.14583333,300,4.837,,,,,
31.15625,300,4.842,,,,,
31.16666667,301,4.837,,,,,
31.17708333,301,4.848,,,,,
31.1875,301,4.854,,,,,
31.19791667,301,4.859,,,,,
31.20833333,302,4.855,,,,,
31.21875,301,4.858,,,,,
31.22916667,301,4.865,,,,,
31.23958333,301,4.839,,,,,
31.25,300,4.86,,,,,
31.26041667,301,4.843,,,,,
31.27083333,302,4.842,,,,,
31.28125,301,4.842,,,,,
31.29166667,301,4.848,,,,,
31.30208333,299,4.834,,,,,
31.3125,300,4.846,,,,,
31.32291667,301,4.833,,,,,
31.33333333,300,4.853,,,,,
31.34375,300,4.844,,,,,
31.35416667,300,4.826,,,,,
31.36458333,301,4.819,,,,,
31.375,300,4.84,,,,,
31.38541667,300,4.834,,,,,
31.39583333,299,4.829,,,,,
31.40625,299,4.822,,,,,
31.41666667,300,4.816,,,,,
31.42708333,300,4.808,,,,,
31.4375,299,4.818,,,,,
31.44791667,300,4.82,,,,,
31.45833333,299,4.809,,,,,
31.46875,298,4.818,,,,,
31.47916667,298,4.806,,,,,
31.48958333,299,4.801,,,,,
31.5,298,4.807,,,,,
31.51041667,297,4.826,,,,,
31.52083333,298,4.823,,,,,
31.53125,297,4.819,,,,,
31.54166667,298,4.802,,,,,
31.55208333,297,4.796,,,,,
31.5625,298,4.808,,,,,
31.57291667,296,4.796,,,,,
31.58333333,296,4.788,,,,,
31.59375,296,4.79,,,,,
31.60416667,294,4.789,,,,,
31.61458333,294,4.791,,,,,
31.625,293,4.767,,,,,
31.63541667,293,4.775,,,,,
31.64583333,293,4.76,,,,,
31.65625,293,4.751,,,,,
31.66666667,292,4.781,,,,,
31.67708333,293,4.768,,,,,
31.6875,293,4.775,,,,,
31.69791667,292,4.774,,,,,
31.70833333,292,4.768,,,,,
31.71875,293,4.765,,,,,
31.72916667,292,4.765,,,,,
31.73958333,292,4.76,,,,,
31.75,292,4.752,,,,,
31.76041667,292,4.764,,,,,
31.77083333,292,4.753,,,,,
31.78125,292,4.741,,,,,
31.79166667,292,4.763,,,,,
31.80208333,291,4.76,,,,,
31.8125,292,4.746,,,,,
31.82291667,292,4.755,,,,,
31.83333333,291,4.752,,,,,
31.84375,291,4.751,,,,,
31.85416667,291,4.737,,,,,
31.86458333,292,4.733,,,,,
31.875,290,4.731,,,,,
31.88541667,291,4.756,,,,,
31.89583333,291,4.718,,,,,
31.90625,290,4.752,,,,,
31.91666667,290,4.723,,,,,
31.92708333,290,4.732,,,,,
31.9375,291,4.72,,,,,
31.94791667,289,4.725,,,,,
31.95833333,290,4.729,,,,,
31.96875,290,4.719,,,,,
31.97916667,290,4.72,,,,,
31.98958333,290,4.74,,,,,
32,289,4.727,,,,,
32.01041667,290,4.719,,,,,
32.02083333,288,4.719,,,,,
32.03125,288,4.732,,,,,
32.04166667,289,4.713,,,,,
32.05208333,289,4.726,,,,,
32.0625,288,4.71,,,,,
32.07291667,289,4.71,,,,,
32.08333333,287,4.717,,,,,
32.09375,289,4.718,,,,,
32.10416667,288,4.703,,,,,
32.11458333,286,4.697,,,,,
32.125,287,4.707,,,,,
32.13541667,286,4.703,,,,,
32.14583333,287,4.705,,,,,
32.15625,287,4.721,,,,,
32.16666667,286,4.714,,,,,
32.17708333,286,4.687,,,,,
32.1875,286,4.703,,,,,
32.19791667,286,4.696,,,,,
32.20833333,286,4.688,,,,,
32.21875,286,4.685,,,,,
32.22916667,285,4.693,,,,,
32.23958333,285,4.679,,,,,
32.25,285,4.677,,,,,
32.26041667,285,4.701,,,,,
32.27083333,283,4.678,,,,,
32.28125,284,4.687,,,,,
32.29166667,285,4.67,,,,,
32.30208333,284,4.677,,,,,
32.3125,284,4.684,,,,,
32.32291667,285,4.68,,,,,
32.33333333,284,4.673,,,,,
32.34375,284,4.666,,,,,
32.35416667,284,4.661,,,,,
32.36458333,284,4.664,,,,,
32.375,283,4.669,,,,,
32.38541667,282,4.67,,,,,
32.39583333,281,4.656,,,,,
32.40625,281,4.646,,,,,
32.41666667,279,4.636,,,,,
32.42708333,280,4.646,,,,,
32.4375,280,4.649,,,,,
32.44791667,279,4.643,,,,,
32.45833333,280,4.632,,,,,
32.46875,280,4.648,,,,,
32.47916667,280,4.621,,,,,
32.48958333,280,4.632,,,,,
32.5,280,4.639,,,,,
32.51041667,280,4.647,,,,,
32.52083333,281,4.648,,,,,
32.53125,281,4.632,,,,,
32.54166667,281,4.634,,,,,
32.55208333,282,4.622,,,,,
32.5625,281,4.628,,,,,
32.57291667,280,4.642,,,,,
32.58333333,282,4.639,,,,,
32.59375,281,4.642,,,,,
32.60416667,281,4.629,,,,,
32.61458333,281,4.643,,,,,
32.625,281,4.645,,,,,
32.63541667,281,4.628,,,,,
32.64583333,280,4.638,,,,,
32.65625,279,4.623,,,,,
32.66666667,276,4.626,,,,,
32.67708333,274,4.597,,,,,
32.6875,272,4.595,,,,,
32.69791667,272,4.579,,,,,
32.70833333,272,4.575,,,,,
32.71875,271,4.573,,,,,
32.72916667,272,4.568,,,,,
32.73958333,271,4.575,,,,,
32.75,272,4.574,,,,,
32.76041667,272,4.553,,,,,
32.77083333,272,4.579,,,,,
32.78125,273,4.585,,,,,
32.79166667,275,4.588,,,,,
32.80208333,274,4.573,,,,,
32.8125,275,4.597,,,,,
32.82291667,276,4.59,,,,,
32.83333333,275,4.607,,,,,
32.84375,276,4.597,,,,,
32.85416667,276,4.588,,,,,
32.86458333,276,4.594,,,,,
32.875,277,4.609,,,,,
32.88541667,277,4.6,,,,,
32.89583333,276,4.613,,,,,
32.90625,276,4.611,,,,,
32.91666667,278,4.607,,,,,
32.92708333,278,4.613,,,,,
32.9375,278,4.616,,,,,
32.94791667,278,4.631,,,,,
32.95833333,278,4.622,,,,,
32.96875,279,4.619,,,,,
32.97916667,278,4.63,,,,,
32.98958333,280,4.626,,,,,
33,279,4.641,,,,,
33.01041667,279,4.629,,,,,
33.02083333,280,4.645,,,,,
33.03125,279,4.63,,,,,
33.04166667,278,4.625,,,,,
33.05208333,279,4.638,,,,,
33.0625,280,4.634,,,,,
33.07291667,280,4.629,,,,,
33.08333333,280,4.623,,,,,
33.09375,280,4.618,,,,,
33.10416667,279,4.628,,,,,
33.11458333,280,4.642,,,,,
33.125,280,4.641,,,,,
33.13541667,281,4.652,,,,,
33.14583333,280,4.624,,,,,
33.15625,280,4.627,,,,,
33.16666667,280,4.642,,,,,
33.17708333,279,4.627,,,,,
33.1875,280,4.644,,,,,
33.19791667,281,4.637,,,,,
33.20833333,281,4.654,,,,,
33.21875,280,4.644,,,,,
33.22916667,280,4.649,,,,,
33.23958333,281,4.643,,,,,
33.25,281,4.645,,,,,
33.26041667,280,4.639,,,,,
33.27083333,281,4.627,,,,,
33.28125,281,4.635,,,,,
33.29166667,281,4.652,,,,,
33.30208333,281,4.646,,,,,
33.3125,280,4.657,,,,,
33.32291667,280,4.661,,,,,
33.33333333,281,4.643,,,,,
33.34375,281,4.649,,,,,
33.35416667,281,4.653,,,,,
33.36458333,281,4.645,,,,,
33.375,280,4.642,,,,,
33.38541667,281,4.635,,,,,
33.39583333,281,4.632,,,,,
33.40625,281,4.64,,,,,
33.41666667,281,4.642,,,,,
33.42708333,281,4.639,,,,,
33.4375,281,4.633,,,,,
33.44791667,281,4.627,,,,,
33.45833333,280,4.641,,,,,
33.46875,281,4.648,,,,,
33.47916667,281,4.645,,,,,
33.48958333,280,4.642,,,,,
33.5,281,4.635,,,,,
33.51041667,280,4.628,,,,,
33.52083333,281,4.645,,,,,
33.53125,281,4.643,,,,,
33.54166667,280,4.641,,,,,
33.55208333,281,4.645,,,,,
33.5625,282,4.636,,,,,
33.57291667,281,4.65,,,,,
33.58333333,280,4.643,,,,,
33.59375,281,4.646,,,,,
33.60416667,281,4.631,,,,,
33.61458333,280,4.636,,,,,
33.625,281,4.638,,,,,
33.63541667,282,4.653,,,,,
33.64583333,285,4.668,,,,,
33.65625,286,4.665,,,,,
33.66666667,287,4.697,,,,,
33.67708333,288,4.685,,,,,
33.6875,289,4.679,,,,,
33.69791667,288,4.705,,,,,
33.70833333,288,4.707,,,,,
33.71875,287,4.677,,,,,
33.72916667,286,4.688,,,,,
33.73958333,288,4.694,,,,,
33.75,285,4.687,,,,,
33.76041667,285,4.675,,,,,
33.77083333,285,4.675,,,,,
33.78125,284,4.689,,,,,
33.79166667,284,4.669,,,,,
33.80208333,283,4.69,,,,,
33.8125,283,4.693,,,,,
33.82291667,283,4.692,,,,,
33.83333333,284,4.658,,,,,
33.84375,284,4.66,,,,,
33.85416667,283,4.67,,,,,
33.86458333,282,4.661,,,,,
33.875,282,4.663,,,,,
33.88541667,283,4.645,,,,,
33.89583333,281,4.648,,,,,
33.90625,282,4.639,,,,,
33.91666667,282,4.639,,,,,
33.92708333,281,4.641,,,,,
33.9375,281,4.645,,,,,
33.94791667,281,4.639,,,,,
33.95833333,281,4.663,,,,,
33.96875,281,4.657,,,,,
33.97916667,280,4.644,,,,,
33.98958333,280,4.665,,,,,
34,281,4.649,,,,,
34.01041667,281,4.637,,,,,
34.02083333,281,4.652,,,,,
34.03125,280,4.633,,,,,
34.04166667,281,4.642,,,,,
34.05208333,281,4.626,,,,,
34.0625,280,4.647,,,,,
34.07291667,281,4.646,,,,,
34.08333333,280,4.646,,,,,
34.09375,280,4.623,,,,,
34.10416667,280,4.642,,,,,
34.11458333,281,4.649,,,,,
34.125,281,4.628,,,,,
34.13541667,281,4.631,,,,,
34.14583333,279,4.638,,,,,
34.15625,281,4.63,,,,,
34.16666667,281,4.648,,,,,
34.17708333,281,4.635,,,,,
34.1875,280,4.624,,,,,
34.19791667,280,4.637,,,,,
34.20833333,281,4.64,,,,,
34.21875,281,4.636,,,,,
34.22916667,281,4.627,,,,,
34.23958333,281,4.621,,,,,
34.25,279,4.641,,,,,
34.26041667,281,4.643,,,,,
34.27083333,280,4.628,,,,,
34.28125,281,4.624,,,,,
34.29166667,280,4.635,,,,,
34.30208333,281,4.641,,,,,
34.3125,279,4.641,,,,,
34.32291667,280,4.627,,,,,
34.33333333,280,4.626,,,,,
34.34375,280,4.634,,,,,
34.35416667,280,4.615,,,,,
34.36458333,281,4.655,,,,,
34.375,279,4.622,,,,,
34.38541667,280,4.621,,,,,
34.39583333,281,4.636,,,,,
34.40625,280,4.623,,,,,
34.41666667,280,4.628,,,,,
34.42708333,280,4.643,,,,,
34.4375,281,4.624,,,,,
34.44791667,280,4.624,,,,,
34.45833333,281,4.633,,,,,
34.46875,280,4.644,,,,,
34.47916667,281,4.626,,,,,
34.48958333,281,4.638,,,,,
34.5,280,4.639,,,,,
34.51041667,281,4.652,,,,,
34.52083333,281,4.637,,,,,
34.53125,282,4.64,,,,,
34.54166667,282,4.641,,,,,
34.55208333,281,4.635,,,,,
34.5625,281,4.639,,,,,
34.57291667,281,4.635,,,,,
34.58333333,282,4.639,,,,,
34.59375,282,4.64,,,,,
34.60416667,282,4.642,,,,,
34.61458333,282,4.634,,,,,
34.625,282,4.63,,,,,
34.63541667,282,4.64,,,,,
34.64583333,282,4.646,,,,,
34.65625,282,4.641,,,,,
34.66666667,282,4.634,,,,,
34.67708333,283,4.651,,,,,
34.6875,282,4.653,,,,,
34.69791667,281,4.639,,,,,
34.70833333,283,4.645,,,,,
34.71875,283,4.645,,,,,
34.72916667,282,4.653,,,,,
34.73958333,283,4.638,,,,,
34.75,283,4.649,,,,,
34.76041667,283,4.648,,,,,
34.77083333,282,4.652,,,,,
34.78125,283,4.655,,,,,
34.79166667,283,4.638,,,,,
34.80208333,283,4.651,,,,,
34.8125,283,4.656,,,,,
34.82291667,284,4.651,,,,,
34.83333333,284,4.658,,,,,
34.84375,283,4.646,,,,,
34.85416667,283,4.672,,,,,
34.86458333,285,4.649,,,,,
34.875,283,4.66,,,,,
34.88541667,284,4.664,,,,,
34.89583333,283,4.675,,,,,
34.90625,284,4.68,,,,,
34.91666667,285,4.653,,,,,
34.92708333,284,4.676,,,,,
34.9375,284,4.641,,,,,
34.94791667,285,4.656,,,,,
34.95833333,284,4.661,,,,,
34.96875,285,4.667,,,,,
34.97916667,284,4.658,,,,,
34.98958333,285,4.66,,,,,
35,284,4.665,,,,,
35.01041667,285,4.663,,,,,
35.02083333,283,4.676,,,,,
35.03125,284,4.675,,,,,
35.04166667,284,4.658,,,,,
35.05208333,284,4.686,,,,,
35.0625,285,4.674,,,,,
35.07291667,285,4.653,,,,,
35.08333333,285,4.675,,,,,
35.09375,285,4.665,,,,,
35.10416667,285,4.662,,,,,
35.11458333,285,4.675,,,,,
35.125,285,4.664,,,,,
35.13541667,285,4.657,,,,,
35.14583333,285,4.673,,,,,
35.15625,285,4.675,,,,,
35.16666667,285,4.677,,,,,
35.17708333,286,4.684,,,,,
35.1875,285,4.67,,,,,
35.19791667,285,4.684,,,,,
35.20833333,285,4.676,,,,,
35.21875,286,4.69,,,,,
35.22916667,286,4.67,,,,,
35.23958333,286,4.675,,,,,
35.25,285,4.688,,,,,
35.26041667,286,4.661,,,,,
35.27083333,286,4.681,,,,,
35.28125,285,4.679,,,,,
35.29166667,285,4.685,,,,,
35.30208333,286,4.676,,,,,
35.3125,285,4.684,,,,,
35.32291667,286,4.667,,,,,
35.33333333,285,4.688,,,,,
35.34375,287,4.668,,,,,
35.35416667,286,4.686,,,,,
35.36458333,286,4.68,,,,,
35.375,287,4.695,,,,,
35.38541667,287,4.678,,,,,
35.39583333,287,4.691,,,,,
35.40625,287,4.673,,,,,
35.41666667,287,4.682,,,,,
35.42708333,286,4.7,,,,,
35.4375,287,4.684,,,,,
35.44791667,286,4.692,,,,,
35.45833333,286,4.694,,,,,
35.46875,286,4.683,,,,,
35.47916667,286,4.689,,,,,
35.48958333,287,4.691,,,,,
35.5,287,4.686,,,,,
35.51041667,287,4.696,,,,,
35.52083333,286,4.694,,,,,
35.53125,287,4.689,,,,,
35.54166667,287,4.672,,,,,
35.55208333,287,4.698,,,,,
35.5625,286,4.696,,,,,
35.57291667,288,4.687,,,,,
35.58333333,287,4.7,,,,,
35.59375,287,4.689,,,,,
35.60416667,288,4.691,,,,,
35.61458333,287,4.698,,,,,
35.625,288,4.699,,,,,
35.63541667,286,4.694,,,,,
35.64583333,289,4.688,,,,,
35.65625,287,4.709,,,,,
35.66666667,287,4.687,,,,,
35.67708333,287,4.688,,,,,
35.6875,288,4.695,,,,,
35.69791667,287,4.692,,,,,
35.70833333,288,4.702,,,,,
35.71875,288,4.701,,,,,
35.72916667,287,4.696,,,,,
35.73958333,287,4.697,,,,,
35.75,287,4.68,,,,,
35.76041667,288,4.691,,,,,
35.77083333,288,4.696,,,,,
35.78125,287,4.7,,,,,
35.79166667,287,4.68,,,,,
35.80208333,288,4.706,,,,,
35.8125,288,4.717,,,,,
35.82291667,288,4.693,,,,,
35.83333333,286,4.693,,,,,
35.84375,287,4.694,,,,,
35.85416667,288,4.695,,,,,
35.86458333,288,4.704,,,,,
35.875,287,4.698,,,,,
35.88541667,288,4.702,,,,,
35.89583333,288,4.687,,,,,
35.90625,287,4.68,,,,,
35.91666667,287,4.701,,,,,
35.92708333,286,4.692,,,,,
35.9375,287,4.694,,,,,
35.94791667,286,4.692,,,,,
35.95833333,287,4.714,,,,,
35.96875,287,4.692,,,,,
35.97916667,287,4.686,,,,,
35.98958333,288,4.698,,,,,
36,287,4.685,,,,,
36.01041667,287,4.683,,,,,
36.02083333,287,4.685,,,,,
36.03125,286,4.688,,,,,
36.04166667,288,4.713,,,,,
36.05208333,286,4.692,,,,,
36.0625,286,4.699,,,,,
36.07291667,287,4.71,,,,,
36.08333333,286,4.685,,,,,
36.09375,287,4.7,,,,,
36.10416667,286,4.698,,,,,
36.11458333,287,4.685,,,,,
36.125,286,4.687,,,,,
36.13541667,287,4.684,,,,,
36.14583333,286,4.691,,,,,
36.15625,286,4.689,,,,,
36.16666667,286,4.678,,,,,
36.17708333,286,4.672,,,,,
36.1875,286,4.689,,,,,
36.19791667,287,4.678,,,,,
36.20833333,285,4.676,,,,,
36.21875,287,4.681,,,,,
36.22916667,287,4.666,,,,,
36.23958333,286,4.692,,,,,
36.25,286,4.677,,,,,
36.26041667,285,4.694,,,,,
36.27083333,285,4.691,,,,,
36.28125,286,4.689,,,,,
36.29166667,286,4.674,,,,,
36.30208333,284,4.691,,,,,
36.3125,285,4.682,,,,,
36.32291667,286,4.679,,,,,
36.33333333,285,4.674,,,,,
36.34375,285,4.689,,,,,
36.35416667,284,4.675,,,,,
36.36458333,285,4.666,,,,,
36.375,284,4.67,,,,,
36.38541667,285,4.678,,,,,
36.39583333,285,4.665,,,,,
36.40625,286,4.664,,,,,
36.41666667,284,4.682,,,,,
36.42708333,285,4.674,,,,,
36.4375,285,4.68,,,,,
36.44791667,284,4.653,,,,,
36.45833333,283,4.684,,,,,
36.46875,284,4.661,,,,,
36.47916667,284,4.68,,,,,
36.48958333,284,4.662,,,,,
36.5,283,4.665,,,,,
36.51041667,284,4.661,,,,,
36.52083333,284,4.687,,,,,
36.53125,283,4.669,,,,,
36.54166667,283,4.665,,,,,
36.55208333,284,4.659,,,,,
36.5625,282,4.666,,,,,
36.57291667,284,4.645,,,,,
36.58333333,284,4.66,,,,,
36.59375,283,4.665,,,,,
36.60416667,282,4.658,,,,,
36.61458333,284,4.664,,,,,
36.625,284,4.66,,,,,
36.63541667,284,4.651,,,,,
36.64583333,284,4.66,,,,,
36.65625,284,4.667,,,,,
36.66666667,284,4.668,,,,,
36.67708333,284,4.667,,,,,
36.6875,283,4.652,,,,,
36.69791667,284,4.666,,,,,
36.70833333,283,4.671,,,,,
36.71875,283,4.654,,,,,
36.72916667,282,4.66,,,,,
36.73958333,282,4.673,,,,,
36.75,283,4.664,,,,,
36.76041667,283,4.655,,,,,
36.77083333,282,4.675,,,,,
36.78125,282,4.641,,,,,
36.79166667,283,4.661,,,,,
36.80208333,282,4.662,,,,,
36.8125,282,4.654,,,,,
36.82291667,282,4.644,,,,,
36.83333333,282,4.661,,,,,
36.84375,283,4.631,,,,,
36.85416667,282,4.65,,,,,
36.86458333,281,4.654,,,,,
36.875,282,4.647,,,,,
36.88541667,282,4.641,,,,,
36.89583333,282,4.649,,,,,
36.90625,280,4.633,,,,,
36.91666667,281,4.656,,,,,
36.92708333,281,4.648,,,,,
36.9375,281,4.645,,,,,
36.94791667,282,4.647,,,,,
36.95833333,280,4.636,,,,,
36.96875,281,4.64,,,,,
36.97916667,281,4.635,,,,,
36.98958333,281,4.621,,,,,
37,279,4.634,,,,,
37.01041667,280,4.636,,,,,
37.02083333,281,4.622,,,,,
37.03125,280,4.627,,,,,
37.04166667,280,4.617,,,,,
37.05208333,279,4.629,,,,,
37.0625,280,4.62,,,,,
37.07291667,279,4.641,,,,,
37.08333333,280,4.617,,,,,
37.09375,278,4.625,,,,,
37.10416667,278,4.643,,,,,
37.11458333,280,4.606,,,,,
37.125,278,4.609,,,,,
37.13541667,279,4.633,,,,,
37.14583333,279,4.603,,,,,
37.15625,279,4.626,,,,,
37.16666667,278,4.596,,,,,
37.17708333,278,4.62,,,,,
37.1875,277,4.613,,,,,
37.19791667,277,4.625,,,,,
37.20833333,278,4.621,,,,,
37.21875,278,4.6,,,,,
37.22916667,278,4.594,,,,,
37.23958333,278,4.607,,,,,
37.25,278,4.616,,,,,
37.26041667,277,4.6,,,,,
37.27083333,276,4.581,,,,,
37.28125,277,4.583,,,,,
37.29166667,276,4.602,,,,,
37.30208333,276,4.597,,,,,
37.3125,277,4.596,,,,,
37.32291667,276,4.58,,,,,
37.33333333,275,4.592,,,,,
37.34375,276,4.593,,,,,
37.35416667,276,4.584,,,,,
37.36458333,276,4.575,,,,,
37.375,276,4.581,,,,,
37.38541667,274,4.579,,,,,
37.39583333,275,4.577,,,,,
37.40625,274,4.579,,,,,
37.41666667,274,4.581,,,,,
37.42708333,274,4.59,,,,,
37.4375,274,4.56,,,,,
37.44791667,274,4.582,,,,,
37.45833333,274,4.573,,,,,
37.46875,273,4.576,,,,,
37.47916667,273,4.561,,,,,
37.48958333,274,4.576,,,,,
37.5,273,4.565,,,,,
37.51041667,273,4.56,,,,,
37.52083333,274,4.552,,,,,
37.53125,272,4.548,,,,,
37.54166667,272,4.546,,,,,
37.55208333,273,4.552,,,,,
37.5625,272,4.563,,,,,
37.57291667,272,4.553,,,,,
37.58333333,271,4.554,,,,,
37.59375,272,4.563,,,,,
37.60416667,271,4.542,,,,,
37.61458333,271,4.551,,,,,
37.625,271,4.553,,,,,
37.63541667,271,4.546,,,,,
37.64583333,269,4.546,,,,,
37.65625,267,4.513,,,,,
37.66666667,264,4.521,,,,,
37.67708333,263,4.491,,,,,
37.6875,262,4.488,,,,,
37.69791667,260,4.485,,,,,
37.70833333,260,4.478,,,,,
37.71875,260,4.479,,,,,
37.72916667,260,4.484,,,,,
37.73958333,260,4.464,,,,,
37.75,261,4.472,,,,,
37.76041667,261,4.465,,,,,
37.77083333,262,4.468,,,,,
37.78125,262,4.481,,,,,
37.79166667,262,4.487,,,,,
37.80208333,263,4.47,,,,,
37.8125,263,4.471,,,,,
37.82291667,263,4.481,,,,,
37.83333333,263,4.469,,,,,
37.84375,264,4.479,,,,,
37.85416667,263,4.472,,,,,
37.86458333,263,4.474,,,,,
37.875,264,4.46,,,,,
37.88541667,264,4.479,,,,,
37.89583333,263,4.469,,,,,
37.90625,262,4.46,,,,,
37.91666667,264,4.477,,,,,
37.92708333,263,4.455,,,,,
37.9375,263,4.468,,,,,
37.94791667,263,4.459,,,,,
37.95833333,263,4.472,,,,,
37.96875,262,4.463,,,,,
37.97916667,262,4.482,,,,,
37.98958333,262,4.457,,,,,
38,261,4.468,,,,,
38.01041667,262,4.461,,,,,
38.02083333,262,4.473,,,,,
38.03125,261,4.476,,,,,
38.04166667,261,4.466,,,,,
38.05208333,261,4.454,,,,,
38.0625,261,4.445,,,,,
38.07291667,261,4.466,,,,,
38.08333333,260,4.453,,,,,
38.09375,261,4.448,,,,,
38.10416667,261,4.451,,,,,
38.11458333,260,4.451,,,,,
38.125,261,4.45,,,,,
38.13541667,261,4.453,,,,,
38.14583333,261,4.45,,,,,
38.15625,261,4.456,,,,,
38.16666667,261,4.461,,,,,
38.17708333,260,4.458,,,,,
38.1875,260,4.459,,,,,
38.19791667,260,4.463,,,,,
38.20833333,260,4.457,,,,,
38.21875,259,4.446,,,,,
38.22916667,259,4.444,,,,,
38.23958333,259,4.448,,,,,
38.25,258,4.457,,,,,
38.26041667,259,4.446,,,,,
38.27083333,258,4.439,,,,,
38.28125,259,4.458,,,,,
38.29166667,258,4.443,,,,,
38.30208333,258,4.439,,,,,
38.3125,257,4.444,,,,,
38.32291667,258,4.431,,,,,
38.33333333,258,4.431,,,,,
38.34375,257,4.436,,,,,
38.35416667,257,4.42,,,,,
38.36458333,257,4.442,,,,,
38.375,257,4.424,,,,,
38.38541667,257,4.426,,,,,
38.39583333,257,4.426,,,,,
38.40625,257,4.432,,,,,
38.41666667,258,4.44,,,,,
38.42708333,257,4.422,,,,,
38.4375,257,4.428,,,,,
38.44791667,255,4.42,,,,,
38.45833333,257,4.421,,,,,
38.46875,256,4.416,,,,,
38.47916667,256,4.43,,,,,
38.48958333,256,4.427,,,,,
38.5,255,4.409,,,,,
38.51041667,255,4.416,,,,,
38.52083333,256,4.418,,,,,
38.53125,254,4.412,,,,,
38.54166667,255,4.401,,,,,
38.55208333,254,4.409,,,,,
38.5625,254,4.402,,,,,
38.57291667,254,4.406,,,,,
38.58333333,254,4.388,,,,,
38.59375,254,4.399,,,,,
38.60416667,252,4.402,,,,,
38.61458333,253,4.386,,,,,
38.625,253,4.398,,,,,
38.63541667,253,4.371,,,,,
38.64583333,252,4.373,,,,,
38.65625,252,4.395,,,,,
38.66666667,250,4.363,,,,,
38.67708333,248,4.351,,,,,
38.6875,245,4.348,,,,,
38.69791667,244,4.344,,,,,
38.70833333,243,4.316,,,,,
38.71875,242,4.314,,,,,
38.72916667,242,4.316,,,,,
38.73958333,242,4.302,,,,,
38.75,242,4.303,,,,,
38.76041667,242,4.3,,,,,
38.77083333,243,4.295,,,,,
38.78125,242,4.309,,,,,
38.79166667,243,4.303,,,,,
38.80208333,243,4.297,,,,,
38.8125,244,4.31,,,,,
38.82291667,244,4.309,,,,,
38.83333333,243,4.305,,,,,
38.84375,244,4.306,,,,,
38.85416667,244,4.315,,,,,
38.86458333,244,4.312,,,,,
38.875,245,4.305,,,,,
38.88541667,244,4.308,,,,,
38.89583333,244,4.3,,,,,
38.90625,245,4.305,,,,,
38.91666667,244,4.302,,,,,
38.92708333,244,4.3,,,,,
38.9375,244,4.298,,,,,
38.94791667,245,4.31,,,,,
38.95833333,245,4.299,,,,,
38.96875,244,4.308,,,,,
38.97916667,243,4.287,,,,,
38.98958333,244,4.3,,,,,
39,243,4.311,,,,,
